#,Zerpmon,Collection,Types,,White Move #1,Dmg,Type,ID,%,White Move #2,Dmg,Type,ID,%,Gold Move #1,Dmg,Type,ID,%,Gold Move #2,Dmg,Type,ID,%,Purple Move,Stars,ID,%,Purple Move #2,Stars,ID,%,Blue Move,ID,%,Miss,ID,%,NFToken ID
1,Fiepion,Canon,Fire,,Flame Charge,50,Fire ,#36,10.00%,Body Slam,60,Normal,#11,9.00%,Quick Attack,40,Normal,#25,8.00%,,,,,0.00%,Taunt and Tease,****,#32,22.00%,Screech,***,#31,27.00%,Dodge,#376,10.00%,Miss,#1,14.00%,0008138874D997D20619837CF3C7E1050A785E9F9AC53D7E16E5DA9C00000001
2,Elapix,Canon,Fire,,Magma Blast,80,Fire ,#38,14.00%,Bump and Run,100,Normal,#20,14.00%,Searing Strike,55,Fire ,#44,15.00%,Infernal Explosion,85,Fire ,#46,12.00%,Frighten,*,#299,10.00%,Burn Up,**,#48,15.00%,Evade,#375,10.00%,Miss,#1,10.00%,0008138874D997D20619837CF3C7E1050A785E9F9AC53D7E2DCBAB9D00000002
3,Blastingo,Canon,Fire,Fighting,Submission Slam,120,Fighting,#132,22.00%,Inferno Blitz,80,Fire ,#37,28.00%,Extreme Speed,85,Normal,#28,12.00%,Spark Shuriken,55,Electric,#98,6.00%,Fire Cloak,*,#47,16.00%,,,,0.00%,Backflip,#378,4.00%,Miss,#1,12.00%,0008138874D997D20619837CF3C7E1050A785E9F9AC53D7E44B17C9E00000003
4,Sapple,Canon,Grass,,Foliage Frenzy,50,Grass,#72,21.00%,,,,,0.00%,Quick Attack,40,Normal,#25,6.00%,,,,,0.00%,Seed Scatter,***,#85,30.00%,Floral Fusion,****,#86,22.00%,Withdraw,#379,7.00%,Miss,#1,14.00%,0008138874D997D20619837CF3C7E1050A785E9F9AC53D7E5B974D9F00000004
5,Cowl,Canon,Grass,,Seed Bomb,80,Grass,#74,12.00%,Sand Whip,80,Ground,#163,12.00%,Leaf Tornado,70,Grass,#81,20.00%,Tremor Shake,70,Ground,#171,28.00%,,,,0.00%,,,,0.00%,Protect,#377,11.00%,Miss,#1,17.00%,0008138874D997D20619837CF3C7E1050A785E9F9AC53D7E727D1EA000000005
6,Armafree,Canon,Grass,Ground,Thorn Blizzard,120,Grass,#77,28.00%,Earthquake,100,Ground,#165,14.00%,Digging Strike,55,Ground,#170,17.00%,Blossom Blast,40,Grass,#79,7.00%,Petal Dance,*,#83,15.00%,Quicksand Sinkhole,*,#173,11.00%,,,0.00%,Miss,#1,8.00%,0008138874D997D20619837CF3C7E1050A785E9F9AC53D7E8962EFA100000006
7,Cobrung,Canon,Water,,Water Gun,50,Water,#53,12.00%,Zen Headbutt,80,Psychic,#200,12.00%,Water Whip,55,Water,#62,9.00%,,,,,0.00%,Aqua Veil,***,#67,26.00%,Sand Pit Trap,***,#175,26.00%,Dodge,#376,4.00%,Miss,#1,11.00%,0008138874D997D20619837CF3C7E1050A785E9F9AC53D7EA048C0A200000007
8,Cobrush,Canon,Water,,Tidal Wave,80,Water,#55,21.00%,Wild Rush,80,Normal,#15,9.00%,Torrential Tempest,70,Water,#63,28.00%,Venom Pounce,70,Poison,#153,18.00%,,,,0.00%,,,,0.00%,Dive,#387,8.00%,Miss,#1,16.00%,0008138874D997D20619837CF3C7E1050A785E9F9AC53D7EB72E91A300000008
9,Cobash,Canon,Water,Poison,Acidic Avalanche,100,Poison,#147,32.00%,Midnight Maul,80,Dark,#289,23.00%,Eternal Nightfall,85,Dark,#298,12.00%,Drenching Downpour,85,Water,#64,8.00%,,,,0.00%,,,,0.00%,Parry,#388,6.00%,Miss,#1,19.00%,0008138874D997D20619837CF3C7E1050A785E9F9AC53D7ECE1462A400000009
10,Skyroar,Legendary,Dragon,Flying,Aeroblast,120,Flying,#186,18.00%,World-ending Fire,120,Dragon,#276,16.00%,Jet Strike,55,Normal,#26,11.00%,Shockwave Smash,85,Electric,#100,9.00%,Dragon's Roar,***,#283,18.00%,,,,0.00%,Fly,#391,16.00%,Miss,#1,12.00%,0008138874D997D20619837CF3C7E1050A785E9F9AC53D7EE4FA33A50000000A
11,Flamey,Canon,Dark,Fire,Skull Bash,80,Normal,#14,22.00%,Magma Blast,80,Fire ,#38,5.00%,Eclipse Eruption,55,Dark,#296,28.00%,Flame Whirlwind,70,Fire ,#45,5.00%,Pheonix Fury,****,#50,12.00%,Burn Up,**,#48,9.00%,Leap,#380,4.00%,Miss,#1,15.00%,0008138874D997D20619837CF3C7E1050A785E9F9AC53D7EC5D458BA0000001F
12,Lupis,Canon,Dark,Ghost,Midnight Maul,80,Dark,#289,28.00%,Ethereal Blast,80,Ghost,#254,22.00%,Close Combat,85,Fighting,#136,4.00%,,,,,0.00%,Soul Drain,***,#265,20.00%,,,,0.00%,Evade,#375,15.00%,Miss,#1,11.00%,0008138874D997D20619837CF3C7E1050A785E9F9AC53D7EDCBA29BB00000020
13,Hypoda,Canon,Ground,Water,Hydro Cannon,80,Water,#56,28.00%,Sand Whip,80,Ground,#163,21.00%,Fissure Quake,85,Ground,#172,12.00%,Sludge Cannon,55,Poison,#152,11.00%,,,,0.00%,,,,0.00%,Burrow,#385,16.00%,Miss,#1,12.00%,0008138874D997D20619837CF3C7E1050A785E9F9AC53D7EF39FFABC00000021
14,Spiguin,Canon,Ghost,,Deathly Decimation,120,Ghost,#258,24.00%,Guillotine,85,Normal,#17,5.00%,Deathly Dismemberment,85,Undead,#370,4.00%,,,,,0.00%,Ghostly Possession,****,#266,13.00%,Screech,***,#31,13.00%,Riftwalk,#381,20.00%,Miss,#1,21.00%,0008138874D997D20619837CF3C7E1050A785E9F9AC53D7E0A85CBBD00000022
15,Gothium,Canon,Dark,Fighting,Shadowy Sweep,80,Dark,#290,28.00%,Last Resort,120,Normal,#24,15.00%,Close Combat,85,Fighting,#136,15.00%,,,,,0.00%,Frighten,*,#299,8.00%,,,,0.00%,Shadow Swap,#382,21.00%,Miss,#1,13.00%,0008138874D997D20619837CF3C7E1050A785E9F9AC53D7E93E8B1C300000028
16,Hoppit,Canon,Normal,,Head Kick,70,Normal,#13,14.00%,Body Slam,60,Normal,#11,10.00%,Zap Kick,40,Electric,#97,11.00%,,,,,0.00%,Taunt and Tease,****,#32,20.00%,Screech,***,#31,25.00%,Dodge,#376,8.00%,Miss,#1,12.00%,0008138874D997D20619837CF3C7E1050A785E9F9AC53D7EAACE82C400000029
17,Psykit,Canon,Dark,,Dark Energy Blast,100,Dark,#291,10.00%,,,,,0.00%,Obilivion Orb,70,Dark,#297,24.00%,Snuggle Tackle,70,Normal,#27,15.00%,Frighten,*,#299,16.00%,Lullaby,**,#30,16.00%,Shadow Swap,#382,9.00%,Miss,#1,10.00%,0008138874D997D20619837CF3C7E1050A785E9F9AC53D7EC1B453C50000002A
18,Ampsy,Canon,Dark,Psychic,Mental Shockwave,100,Psychic,#201,26.00%,Abyssal Annihilation,120,Dark,#293,21.00%,Telepathic Tempest,85,Psychic,#208,8.00%,Shockwave Smash,85,Electric,#100,8.00%,Magnet Wave,**,#102,6.00%,,,,0.00%,Evade,#375,10.00%,Miss,#1,21.00%,0008138874D997D20619837CF3C7E1050A785E9F9AC53D7ED89A24C60000002B
19,Amparc,Canon,Dark,Electric,Dark Energy Blast,100,Dark,#291,27.00%,Thunderbolt Blitz,120,Electric,#96,20.00%,Electro Ball,70,Electric,#99,12.00%,,,,,0.00%,Surge Shield,*,#101,17.00%,,,,0.00%,Shadow Swap,#382,10.00%,Miss,#1,14.00%,0008138874D997D20619837CF3C7E1050A785E9F9AC53D7EEF7FF5C70000002C
20,Voltragon,Legendary,Dragon,Electric,Obliterating Breath,120,Dragon,#275,25.00%,Zap Cannon,80,Electric,#91,18.00%,Spark Shuriken,55,Electric,#98,15.00%,Heavenly Hurricane,85,Fairy,#334,8.00%,Ancient Rage,****,#284,8.00%,,,,0.00%,Parry,#388,15.00%,Miss,#1,11.00%,0008138874D997D20619837CF3C7E1050A785E9F9AC53D7E0665C6C80000002D
21,Spearfire,Canon,Flying,Steel,Dive Bomb,100,Flying,#184,12.00%,,,,,0.00%,Steel Swipe,55,Steel,#314,20.00%,Talon Tornado,85,Flying,#190,8.00%,Brave Bird,***,#193,19.00%,Metallic Harden,***,#319,11.00%,Evade,#375,12.00%,Miss,#1,18.00%,0008138874D997D20619837CF3C7E1050A785E9F9AC53D7E1D4B97C90000002E
22,Fearfire,Canon,Fire,Steel,Incinerate,100,Fire ,#40,25.00%,Metal Fang,100,Steel,#309,15.00%,Omega Steel Strike,85,Steel,#316,15.00%,,,,,0.00%,Burn Up,**,#48,15.00%,Screech,***,#31,8.00%,Detect,#390,4.00%,Miss,#1,18.00%,0008138874D997D20619837CF3C7E1050A785E9F9AC53D7E343168CA0000002F
23,Spiketox,Canon,Fire,Poison,Venomous Bite,50,Poison,#144,31.00%,,,,,0.00%,,,,,0.00%,,,,,0.00%,Venemous Vortex,****,#158,32.00%,Burn Up,**,#48,27.00%,,,0.00%,Miss,#1,10.00%,0008138874D997D20619837CF3C7E1050A785E9F9AC53D7E4B1739CB00000030
24,Burnjaw,Canon,Fire,Poison,Magma Blast,80,Fire ,#38,9.00%,,,,,0.00%,Noxious Eruption,85,Poison,#154,25.00%,Flame Whirlwind,70,Fire ,#45,20.00%,Molten Maelstrom,***,#49,13.00%,,,,0.00%,Detect,#390,12.00%,Miss,#1,21.00%,0008138874D997D20619837CF3C7E1050A785E9F9AC53D7E61FD0ACC00000031
25,Wriggul,Canon,Bug,,Bug Bite,30,Bug,#213,12.00%,Bramble Barrage,80,Grass,#73,20.00%,Chrysalid Charge,70,Bug,#225,22.00%,,,,,0.00%,Infestation,****,#230,23.00%,Leech,*,#227,11.00%,,,0.00%,Miss,#1,12.00%,0008138874D997D20619837CF3C7E1050A785E9F9AC53D7E78E2DBCD00000032
26,Poddle,Canon,Bug,,Skull Bash,80,Normal,#14,28.00%,,,,,0.00%,Chrysalid Charge,70,Bug,#225,34.00%,Pollen Puff,55,Grass,#80,5.00%,Metamorphosis Madness,***,#229,8.00%,,,,0.00%,Protect,#377,12.00%,Miss,#1,13.00%,0008138874D997D20619837CF3C7E1050A785E9F9AC53D7E8FC8ACCE00000033
27,Flutterfly,Canon,Bug,Flying,Cocoon Cannon,120,Bug,#222,31.00%,Web Shot Lunge,100,Bug,#220,15.00%,,,,,0.00%,,,,,0.00%,Sticky Web,**,#228,26.00%,,,,0.00%,Fly,#391,12.00%,Miss,#1,16.00%,0008138874D997D20619837CF3C7E1050A785E9F9AC53D7EA6AE7DCF00000034
28,Snowbal,Canon,Ice,,Snowball Strike,30,Ice,#106,5.00%,Blizzard Burst,50,Ice,#107,6.00%,Snuggle Tackle,70,Normal,#27,12.00%,Quick Attack,40,Normal,#25,10.00%,Icy Wind,*,#119,18.00%,Taunt and Tease,****,#32,29.00%,Evade,#375,10.00%,Miss,#1,10.00%,0008138874D997D20619837CF3C7E1050A785E9F9AC53D7EBD944ED000000035
29,Stormba,Canon,Ice,Electric,Hailstorm Fury,70,Ice,#117,32.00%,Thunderclap Crash,100,Electric,#94,12.00%,Shockwave Smash,85,Electric,#100,15.00%,,,,,0.00%,Ice Wall,***,#121,16.00%,,,,0.00%,Counter,#389,12.00%,Miss,#1,13.00%,0008138874D997D20619837CF3C7E1050A785E9F9AC53D7ED47A1FD100000036
30,Rachnara,Canon,Grass,Psychic,Forest Fury,100,Grass,#76,10.00%,,,,,0.00%,Aura Sphere Blast,70,Psychic,#207,17.00%,Leaf Tornado,70,Grass,#81,10.00%,Telekinetic Shield,**,#210,25.00%,Infestation,****,#230,20.00%,,,0.00%,Miss,#1,18.00%,0008138874D997D20619837CF3C7E1050A785E9F9AC53D7EEB5FF0D200000037
31,Dewdrop,Canon,Normal,,Kick,30,Normal,#2,10.00%,Body Slam,60,Normal,#11,9.00%,Quick Attack,40,Normal,#25,15.00%,,,,,0.00%,Taunt and Tease,****,#32,22.00%,Screech,***,#31,16.00%,Evade,#375,18.00%,Miss,#1,10.00%,0008138874D997D20619837CF3C7E1050A785E9F9AC53D7E0245C1D300000038
32,Dawnfawn,Canon,Normal,Electric,Bump and Run,100,Normal,#20,12.00%,,,,,0.00%,Jet Strike,55,Normal,#26,20.00%,Electro Ball,70,Electric,#99,27.00%,Magnet Wave,**,#102,25.00%,,,,0.00%,Leap,#380,4.00%,Miss,#1,12.00%,0008138874D997D20619837CF3C7E1050A785E9F9AC53D7E192B92D400000039
33,Stormreign,Canon,Dark,Electric,Thunderbolt Blitz,120,Electric,#96,19.00%,Abyssal Annihilation,120,Dark,#293,24.00%,Zap Kick,40,Electric,#97,10.00%,,,,,0.00%,Surge Shield,*,#101,12.00%,,,,0.00%,Mirage,#383,21.00%,Miss,#1,14.00%,0008138874D997D20619837CF3C7E1050A785E9F9AC53D7E301163D50000003A
34,Cubbel,Canon,Normal,,Wild Rush,80,Normal,#15,26.00%,,,,,0.00%,Quick Attack,40,Normal,#25,18.00%,,,,,0.00%,Lullaby,**,#30,28.00%,Taunt and Tease,****,#32,18.00%,,,0.00%,Miss,#1,10.00%,0008138874D997D20619837CF3C7E1050A785E9F9AC53D7E46F734D60000003B
35,Hornbuff,Canon,Normal,,Death Charge,120,Normal,#23,9.00%,Guillotine,85,Normal,#17,19.00%,Smack Down,70,Fighting,#135,18.00%,Extreme Speed,85,Normal,#28,12.00%,,,,0.00%,,,,0.00%,Protect,#377,24.00%,Miss,#1,18.00%,0008138874D997D20619837CF3C7E1050A785E9F9AC53D7E5DDD05D70000003C
36,Petrimon,Canon,Rock,,Rock Blast,30,Rock,#232,10.00%,,,,,0.00%,Bedrock Blast,70,Rock,#243,28.00%,,,,,0.00%,Nocturnal Nightmare,****,#302,27.00%,,,,0.00%,Decoy,#384,17.00%,Miss,#1,18.00%,0008138874D997D20619837CF3C7E1050A785E9F9AC53D7E74C2D6D80000003D
37,Sanspike,Canon,Ground,,Sandstorm Fury,80,Ground,#164,18.00%,Earthquake,100,Ground,#165,21.00%,Tremor Shake,70,Ground,#171,17.00%,,,,,0.00%,Rock Shield,**,#246,22.00%,,,,0.00%,Backflip,#378,10.00%,Miss,#1,12.00%,0008138874D997D20619837CF3C7E1050A785E9F9AC53D7E8BA8A7D90000003E
38,Magworm,Canon,Fire,Rock,Heat Wave,50,Fire ,#35,10.00%,Flame Charge,50,Fire ,#36,7.00%,Digging Strike,55,Ground,#170,11.00%,Ember Wheel,40,Fire ,#43,8.00%,Molten Maelstrom,***,#49,29.00%,Sandstorm Shield,****,#176,21.00%,,,0.00%,Miss,#1,14.00%,0008138874D997D20619837CF3C7E1050A785E9F9AC53D7EA28E78DA0000003F
39,Magviper,Canon,Fire,Rock,Fireball Storm,120,Fire ,#42,18.00%,,,,,0.00%,Geode Grenade,85,Rock,#244,19.00%,Flame Whirlwind,70,Fire ,#45,34.00%,,,,0.00%,,,,0.00%,Burrow,#385,4.00%,Miss,#1,25.00%,0008138874D997D20619837CF3C7E1050A785E9F9AC53D7EB97449DB00000040
40,Cosma,Canon,Cosmic,,Twinkle Tackle,80,Fairy,#325,16.00%,,,,,0.00%,Solar Storm,70,Cosmic,#351,30.00%,,,,,0.00%,Space Time Warp,**,#354,28.00%,,,,0.00%,Mirage,#383,15.00%,Miss,#1,11.00%,0008138874D997D20619837CF3C7E1050A785E9F9AC53D7ED05A1ADC00000041
41,Golbee,Canon,Fairy,Grass,Photosynthesis Flare,120,Grass,#78,22.00%,Solar Beam,100,Grass,#75,15.00%,Fairy Strike,55,Fairy,#332,18.00%,Flutter Fury,70,Fairy,#333,9.00%,,,,0.00%,,,,0.00%,Dodge,#376,18.00%,Miss,#1,18.00%,0008138874D997D20619837CF3C7E1050A785E9F9AC53D7EE73FEBDD00000042
42,Poibee,Canon,Fairy,Poison,Poisonous Whirlwind,80,Poison,#146,27.00%,,,,,0.00%,Flutter Fury,70,Fairy,#333,9.00%,,,,,0.00%,Venemous Vortex,****,#158,20.00%,Draining Kiss,***,#337,18.00%,Backflip,#378,8.00%,Miss,#1,18.00%,0008138874D997D20619837CF3C7E1050A785E9F9AC53D7EFE25BCDE00000043
43,Bugbee,Canon,Fairy,Bug,Mystic Moonbeam,120,Fairy,#329,25.00%,Mandible Maul,120,Bug,#221,9.00%,Chrysalid Charge,70,Bug,#225,18.00%,Heavenly Hurricane,85,Fairy,#334,7.00%,,,,0.00%,,,,0.00%,Decoy,#384,18.00%,Miss,#1,23.00%,0008138874D997D20619837CF3C7E1050A785E9F9AC53D7E150B8DDF00000044
44,Cinnafire,Canon,Fire,,Incinerate,100,Fire ,#40,13.00%,Bump and Run,100,Normal,#20,17.00%,Flame Whirlwind,70,Fire ,#45,22.00%,,,,,0.00%,Burn Up,**,#48,22.00%,,,,0.00%,Evade,#375,12.00%,Miss,#1,14.00%,0008138874D997D20619837CF3C7E1050A785E9F9AC53D7E2BF15EE000000045
45,Roarice,Canon,Ice,,Surf Strike,50,Water,#54,5.00%,,,,,0.00%,Artic Chill,55,Ice,#116,15.00%,Crystal Crush,85,Ice,#118,14.00%,Ice Wall,***,#121,36.00%,Icy Wind,*,#119,19.00%,,,0.00%,Miss,#1,11.00%,0008138874D997D20619837CF3C7E1050A785E9F9AC53D7E42D72FE100000046
46,Stompice,Canon,Ice,,Winter's Wrath,120,Ice,#113,8.00%,Hydro Cannon,80,Water,#56,10.00%,Crystal Crush,85,Ice,#118,20.00%,Rock Throw,40,Rock,#241,22.00%,,,,0.00%,,,,0.00%,Protect,#377,28.00%,Miss,#1,12.00%,0008138874D997D20619837CF3C7E1050A785E9F9AC53D7E59BD00E200000047
47,Voltotic,Canon,Electric,Flying,Zap Cannon,80,Electric,#91,25.00%,Hurricane,100,Flying,#183,15.00%,Whirlwind Whack,70,Flying,#189,12.00%,Talon Tornado,85,Flying,#190,6.00%,Brave Bird,***,#193,15.00%,Surge Shield,*,#101,10.00%,Fly,#391,4.00%,Miss,#1,13.00%,0008138874D997D20619837CF3C7E1050A785E9F9AC53D7E70A2D1E300000048
48,Turtpip,Canon,Grass,Water,,,,,0.00%,,,,,0.00%,Torrential Tempest,70,Water,#63,9.00%,Snuggle Tackle,70,Normal,#27,9.00%,Aqua Veil,***,#67,12.00%,Floral Fusion,****,#86,24.00%,Withdraw,#379,26.00%,Miss,#1,20.00%,0008138874D997D20619837CF3C7E1050A785E9F9AC53D7E8788A2E400000049
49,Shelltur,Canon,Fighting,Grass,Fists of Fury,80,Fighting,#128,10.00%,Bone Breaker,100,Fighting,#129,8.00%,Leaf Tornado,70,Grass,#81,24.00%,Close Combat,85,Fighting,#136,20.00%,,,,0.00%,,,,0.00%,Dive,#387,18.00%,Miss,#1,20.00%,0008138874D997D20619837CF3C7E1050A785E9F9AC53D7E9E6E73E50000004A
50,Mistlegon,Legendary,Dragon,,Zen Headbutt,80,Psychic,#200,8.00%,,,,,0.00%,Supernova,70,Dragon,#279,21.00%,Solar Storm,70,Cosmic,#351,20.00%,Lullaby,**,#30,15.00%,Ancient Rage,****,#284,21.00%,Wall of Presents,#386,5.00%,Miss,#1,10.00%,0008138874D997D20619837CF3C7E1050A785E9F9AC53D7EB55444E60000004B
51,Voltile,Canon,Fire,,Magma Blast,80,Fire ,#38,32.00%,Bump and Run,100,Normal,#20,8.00%,,,,,0.00%,,,,,0.00%,Burn Up,**,#48,39.00%,Pheonix Fury,****,#50,11.00%,,,0.00%,Miss,#1,10.00%,0008138874D997D20619837CF3C7E1050A785E9F9AC53D7ECC3A15E70000004C
52,Salamantis,Canon,Fire,Rock,Stone Storm,80,Rock,#236,16.00%,Flame Whirlwind,70,Fire ,#45,10.00%,Infernal Explosion,85,Fire ,#46,25.00%,,,,,0.00%,Ancient Power,***,#247,15.00%,,,,0.00%,Burrow,#385,16.00%,Miss,#1,18.00%,0008138874D997D20619837CF3C7E1050A785E9F9AC53D7EE31FE6E80000004D
53,Clocktik,Canon,Flying,Steel,Wing Slash,50,Flying,#180,15.00%,,,,,0.00%,Bolt Blade,70,Steel,#315,9.00%,,,,,0.00%,Iron Defense,***,#139,25.00%,Brave Bird,***,#193,25.00%,Protect,#377,15.00%,Miss,#1,11.00%,0008138874D997D20619837CF3C7E1050A785E9F9AC53D7EFA05B7E90000004E
54,Clocktok,Canon,Flying,Steel,Skyward Slash,120,Flying,#185,20.00%,Thorn Blizzard,120,Grass,#77,19.00%,Bolt Blade,70,Steel,#315,8.00%,Dive Tackle,40,Flying,#187,14.00%,,,,0.00%,,,,0.00%,Mirage,#383,20.00%,Miss,#1,19.00%,0008138874D997D20619837CF3C7E1050A785E9F9AC53D7E10EB88EA0000004F
55,Dyno,Canon,Fighting,Fire,Inferno Blitz,80,Fire ,#37,22.00%,Sand Whip,80,Ground,#163,12.00%,Close Combat,85,Fighting,#136,27.00%,,,,,0.00%,Dust Devil,**,#174,10.00%,,,,0.00%,Backflip,#378,14.00%,Miss,#1,15.00%,0008138874D997D20619837CF3C7E1050A785E9F9AC53D7E27D159EB00000050
56,Aquacuda,Canon,Water,,Tsunami Slam,100,Water,#58,16.00%,Venomous Bite,50,Poison,#144,9.00%,,,,,0.00%,,,,,0.00%,Bubble Barrier,**,#66,28.00%,Briny Blast,****,#68,32.00%,,,0.00%,Miss,#1,15.00%,0008138874D997D20619837CF3C7E1050A785E9F9AC53D7E3EB72AEC00000051
57,Rhinonium,Canon,Ice,Rock,Obsidian Blast,100,Rock,#238,18.00%,Frost Nova,80,Ice,#109,24.00%,,,,,0.00%,,,,,0.00%,Blizzard Cataclysm,****,#122,27.00%,,,,0.00%,Protect,#377,12.00%,Miss,#1,19.00%,0008138874D997D20619837CF3C7E1050A785E9F9AC53D7E559CFBED00000052
58,Gothamel,Canon,Cosmic,Dark,,,,,0.00%,,,,,0.00%,Aurora Blast,55,Cosmic,#350,20.00%,Obilivion Orb,70,Dark,#297,8.00%,Nocturnal Nightmare,****,#302,22.00%,Cosmic Radiation,***,#355,29.00%,,,0.00%,Miss,#1,21.00%,0008138874D997D20619837CF3C7E1050A785E9F9AC53D7E6C82CCEE00000053
59,Terrasaur,Canon,Ground,Ice,Ethereal Blast,80,Ghost,#254,9.00%,Rockslide Avalanche,120,Ground,#167,4.00%,Crystal Crush,85,Ice,#118,13.00%,Tremor Shake,70,Ground,#171,9.00%,Sandstorm Shield,****,#176,26.00%,,,,0.00%,Mirage,#383,15.00%,Miss,#1,24.00%,0008138874D997D20619837CF3C7E1050A785E9F9AC53D7E83689DEF00000054
60,Hyping,Canon,Cosmic,Psychic,Black Hole Implosion,120,Cosmic,#347,7.00%,Portal Slam,80,Cosmic,#344,9.00%,Psychic Surge,55,Psychic,#206,18.00%,Eclipse Eruption,55,Dark,#296,12.00%,Thought Scramble,****,#212,20.00%,Telekinetic Shield,**,#210,19.00%,,,0.00%,Miss,#1,15.00%,0008138874D997D20619837CF3C7E1050A785E9F9AC53D7E9A4E6EF000000055
61,Uka Uka,Canon,Dark,Undead,Necrotic Wave,30,Undead,#358,10.00%,Blackout Strike,50,Dark,#287,15.00%,Wraith Whip,70,Undead,#369,8.00%,,,,,0.00%,Demonic Dread,***,#301,28.00%,Death's Dominion,****,#374,25.00%,,,0.00%,Miss,#1,14.00%,0008138874D997D20619837CF3C7E1050A785E9F9AC53D7EB1343FF100000056
62,Buka Buka,Canon,Dark,Undead,Demonic Deluge,100,Undead,#364,14.00%,Shadowy Sweep,80,Dark,#290,15.00%,Wraith Whip,70,Undead,#369,22.00%,Night Terror,70,Ghost,#261,24.00%,,,,0.00%,,,,0.00%,Withdraw,#379,6.00%,Miss,#1,19.00%,0008138874D997D20619837CF3C7E1050A785E9F9AC53D7EC81A10F200000057
63,Rutabaga,Canon,Psychic,Undead,Necrotic Nova,120,Undead,#365,24.00%,Mental Shockwave,100,Psychic,#201,23.00%,Tremor Shake,70,Ground,#171,11.00%,,,,,0.00%,Telekinetic Shield,**,#210,16.00%,Phantom Scream,*,#263,12.00%,,,0.00%,Miss,#1,14.00%,0008138874D997D20619837CF3C7E1050A785E9F9AC53D7EDEFFE1F300000058
64,Igni,Canon,Fire,,Inferno Blitz,80,Fire ,#37,27.00%,Dark Energy Blast,100,Dark,#291,26.00%,Ember Wheel,40,Fire ,#43,10.00%,,,,,0.00%,Burn Up,**,#48,13.00%,Screech,***,#31,13.00%,,,0.00%,Miss,#1,11.00%,0008138874D997D20619837CF3C7E1050A785E9F9AC53D7EF5E5B2F400000059
65,Jellatile,Canon,Bug,,Web Shot Lunge,100,Bug,#220,18.00%,Swarm,30,Bug,#214,22.00%,Rain Dance Rush,40,Water,#61,9.00%,,,,,0.00%,Infestation,****,#230,27.00%,Charm Beam,**,#336,14.00%,Evade,#375,0.00%,Miss,#1,10.00%,0008138874D997D20619837CF3C7E1050A785E9F9AC53D7E0CCB83F50000005A
66,Gnuke,Canon,Dark,Psychic,Ghastly Grapple,100,Ghost,#256,27.00%,Shadowy Sweep,80,Dark,#290,9.00%,Aura Sphere Blast,70,Psychic,#207,17.00%,Eternal Nightfall,85,Dark,#298,6.00%,Demonic Dread,***,#301,22.00%,,,,0.00%,,,0.00%,Miss,#1,19.00%,0008138874D997D20619837CF3C7E1050A785E9F9AC53D7E23B154F60000005B
67,Scorpinch,Canon,Bug,Dark,Midnight Maul,80,Dark,#289,21.00%,Guillotine,85,Normal,#17,22.00%,Crawler Clobber,85,Bug,#226,15.00%,Close Combat,85,Fighting,#136,11.00%,,,,0.00%,,,,0.00%,Shadow Swap,#382,14.00%,Miss,#1,17.00%,0008138874D997D20619837CF3C7E1050A785E9F9AC53D7E3A9725F70000005C
68,Fyrefli,Canon,Electric,Fairy,Zap Cannon,80,Electric,#91,18.00%,,,,,0.00%,Electro Ball,70,Electric,#99,18.00%,Flutter Fury,70,Fairy,#333,22.00%,Magnet Wave,**,#102,16.00%,Charm Beam,**,#336,14.00%,,,0.00%,Miss,#1,12.00%,0008138874D997D20619837CF3C7E1050A785E9F9AC53D7E517CF6F80000005D
69,Treetraum,Canon,Dark,Grass,Shadowy Sweep,80,Dark,#290,20.00%,Foliage Frenzy,50,Grass,#72,15.00%,Wraith Whip,70,Undead,#369,22.00%,Tremor Shake,70,Ground,#171,13.00%,Root Rend,**,#84,20.00%,,,,0.00%,,,0.00%,Miss,#1,10.00%,0008138874D997D20619837CF3C7E1050A785E9F9AC53D7E6862C7F90000005E
70,Vineterror,Legendary,Dragon,Grass,Claw Crush,100,Dragon,#273,12.00%,Solar Beam,100,Grass,#75,15.00%,Chlorophyll Charge,85,Grass,#82,15.00%,Supernova,70,Dragon,#279,12.00%,Scale Armour,**,#282,13.00%,Ancient Rage,****,#284,12.00%,Parry,#388,10.00%,Miss,#1,11.00%,0008138874D997D20619837CF3C7E1050A785E9F9AC53D7E7F4898FA0000005F
71,Sprat,Canon,Electric,,Electro Storm,100,Electric,#93,15.00%,Wild Rush,80,Normal,#15,11.00%,Spark Shuriken,55,Electric,#98,19.00%,,,,,0.00%,Shockwave Shield,****,#104,15.00%,Thunderous Roar,***,#103,12.00%,Evade,#375,12.00%,Miss,#1,16.00%,0008138874D997D20619837CF3C7E1050A785E9F9AC53D7E962E69FB00000060
72,Phinx,Canon,Psychic,,Teleport Strike,80,Psychic,#199,11.00%,,,,,0.00%,Aura Sphere Blast,70,Psychic,#207,15.00%,Jet Strike,55,Normal,#26,10.00%,Thought Scramble,****,#212,13.00%,Thunderous Roar,***,#103,12.00%,Dodge,#376,25.00%,Miss,#1,14.00%,0008138874D997D20619837CF3C7E1050A785E9F9AC53D7EAD143AFC00000061
73,Zup,Canon,Electric,Ground,Thunder Strike,50,Electric,#89,20.00%,Sandblast,50,Ground,#162,17.00%,,,,,0.00%,,,,,0.00%,Shockwave Shield,****,#104,27.00%,Sand Pit Trap,***,#175,23.00%,,,0.00%,Miss,#1,13.00%,0008138874D997D20619837CF3C7E1050A785E9F9AC53D7EC3FA0BFD00000062
74,Zook,Canon,Electric,Ground,,,,,0.00%,,,,,0.00%,Spark Shuriken,55,Electric,#98,25.00%,Tremor Shake,70,Ground,#171,20.00%,Sand Pit Trap,***,#175,10.00%,Lullaby,**,#30,16.00%,Evade,#375,18.00%,Miss,#1,11.00%,0008138874D997D20619837CF3C7E1050A785E9F9AC53D7EDADFDCFE00000063
75,Zork,Canon,Electric,Ground,Magnet Mayhem,120,Electric,#95,21.00%,Earthquake,100,Ground,#165,20.00%,Night Terror,70,Ghost,#261,13.00%,,,,,0.00%,Magnet Wave,**,#102,4.00%,,,,0.00%,Burrow,#385,25.00%,Miss,#1,17.00%,0008138874D997D20619837CF3C7E1050A785E9F9AC53D7EF1C5ADFF00000064
76,Glubby,Canon,Psychic,Water,,,,,0.00%,,,,,0.00%,Water Whip,55,Water,#62,16.00%,Torrential Tempest,70,Water,#63,10.00%,Briny Blast,****,#68,28.00%,Telekinetic Shield,**,#210,29.00%,,,0.00%,Miss,#1,17.00%,0008138874D997D20619837CF3C7E1050A785E9F9AC53D7E08AB7F0000000065
77,Glorby,Canon,Psychic,Water,Zen Headbutt,80,Psychic,#200,15.00%,Hydro Cannon,80,Water,#56,13.00%,Torrential Tempest,70,Water,#63,37.00%,,,,,0.00%,Mind Control,***,#211,19.00%,,,,0.00%,,,0.00%,Miss,#1,16.00%,0008138874D997D20619837CF3C7E1050A785E9F9AC53D7E1F91500100000066
78,Monki,Canon,Fighting,,Roundhouse Uppercut,50,Fighting,#126,20.00%,Bone Breaker,100,Fighting,#129,15.00%,Cross Chop,55,Fighting,#134,12.00%,,,,,0.00%,Iron Defense,***,#139,28.00%,Burn Up,**,#48,15.00%,,,0.00%,Miss,#1,10.00%,0008138874D997D20619837CF3C7E1050A785E9F9AC53D7E3677210200000067
79,Monkmaster,Canon,Fighting,,Fists of Fury,80,Fighting,#128,17.00%,,,,,0.00%,Close Combat,85,Fighting,#136,12.00%,,,,,0.00%,Kung Fu Confusion,****,#140,20.00%,Burn Up,**,#48,9.00%,Backflip,#378,26.00%,Miss,#1,16.00%,0008138874D997D20619837CF3C7E1050A785E9F9AC53D7E4D5CF20300000068
80,Spectowl,Canon,Flying,Grass,Bramble Barrage,80,Grass,#73,25.00%,Ethereal Blast,80,Ghost,#254,13.00%,Talon Tornado,85,Flying,#190,17.00%,,,,,0.00%,Tailwind Boost,**,#192,21.00%,,,,0.00%,Shadow Swap,#382,12.00%,Miss,#1,12.00%,0008138874D997D20619837CF3C7E1050A785E9F9AC53D7E6442C30400000069
81,Phantar,Canon,Dark,Ghost,Poltergeist Strike,50,Ghost,#251,18.00%,Dark Pulse,30,Dark,#285,15.00%,Night Terror,70,Ghost,#261,11.00%,,,,,0.00%,Thought Scramble,****,#212,22.00%,Demonic Dread,***,#301,23.00%,,,0.00%,Miss,#1,11.00%,0008138874D997D20619837CF3C7E1050A785E9F9AC53D7E7B2894050000006A
82,Ghast,Canon,Dark,Ghost,Dark Void Vortex,100,Dark,#292,17.00%,,,,,0.00%,Obilivion Orb,70,Dark,#297,15.00%,Ghostly Guillotine,85,Ghost,#262,23.00%,Haunting Curse,**,#264,12.00%,Dark Whispers,**,#300,16.00%,,,0.00%,Miss,#1,17.00%,0008138874D997D20619837CF3C7E1050A785E9F9AC53D7E920E65060000006B
83,Megamare,Canon,Dark,Ghost,Soul-Sucking Siphon,120,Dark,#294,27.00%,Necrotic Nova,120,Undead,#365,20.00%,Night Terror,70,Ghost,#261,14.00%,,,,,0.00%,Haunting Curse,**,#264,10.00%,Ancient Power,***,#247,7.00%,,,0.00%,Miss,#1,22.00%,0008138874D997D20619837CF3C7E1050A785E9F9AC53D7EA8F436070000006C
84,Moustatic,Canon,Electric,,Zap Cannon,80,Electric,#91,22.00%,Wild Rush,80,Normal,#15,25.00%,,,,,0.00%,,,,,0.00%,Shockwave Shield,****,#104,15.00%,Screech,***,#31,21.00%,Protect,#377,2.00%,Miss,#1,15.00%,0008138874D997D20619837CF3C7E1050A785E9F9AC53D7EBFDA07080000006D
85,Stormouse,Canon,Electric,,Electro Storm,100,Electric,#93,12.00%,Twilight Takedown,50,Dark,#288,11.00%,Electro Ball,70,Electric,#99,18.00%,Snuggle Tackle,70,Normal,#27,23.00%,,,,0.00%,,,,0.00%,Decoy,#384,22.00%,Miss,#1,14.00%,0008138874D997D20619837CF3C7E1050A785E9F9AC53D7ED6BFD8090000006E
86,Iglett,Canon,Fire,,Fire Whip,30,Fire ,#34,20.00%,,,,,0.00%,Dive Tackle,40,Flying,#187,10.00%,Talon Tornado,85,Flying,#190,12.00%,Taunt and Tease,****,#32,25.00%,Screech,***,#31,19.00%,,,0.00%,Miss,#1,14.00%,0008138874D997D20619837CF3C7E1050A785E9F9AC53D7EEDA5A90A0000006F
87,Pyrowl,Canon,Fire,Flying,Aeroblast,120,Flying,#186,6.00%,Death Charge,120,Normal,#23,7.00%,Cyclone Kick,55,Flying,#188,27.00%,Searing Strike,55,Fire ,#44,30.00%,Brave Bird,***,#193,15.00%,,,,0.00%,,,0.00%,Miss,#1,15.00%,0008138874D997D20619837CF3C7E1050A785E9F9AC53D7E048B7A0B00000070
88,Owlcindiary,Canon,Fire,Flying,Fireball Storm,120,Fire ,#42,30.00%,Skyward Slash,120,Flying,#185,24.00%,Talon Tornado,85,Flying,#190,10.00%,,,,,0.00%,Feathered Fling,****,#194,10.00%,,,,0.00%,,,0.00%,Miss,#1,26.00%,0008138874D997D20619837CF3C7E1050A785E9F9AC53D7E1B714B0C00000071
89,Skele,Canon,Undead,,Undead Apocalypse,120,Undead,#366,14.00%,,,,,0.00%,Digging Strike,55,Ground,#170,6.00%,Wraith Whip,70,Undead,#369,6.00%,Necromancer's Grasp,***,#373,30.00%,Deathly Curse,**,#372,30.00%,,,0.00%,Miss,#1,14.00%,0008138874D997D20619837CF3C7E1050A785E9F9AC53D7E32571C0D00000072
90,Skelethor,Canon,Ground,Undead,Guillotine,85,Normal,#17,8.00%,,,,,0.00%,Tremor Shake,70,Ground,#171,23.00%,Deathly Dismemberment,85,Undead,#370,25.00%,Death's Dominion,****,#374,11.00%,Floral Fusion,****,#86,7.00%,Detect,#390,1.00%,Miss,#1,25.00%,0008138874D997D20619837CF3C7E1050A785E9F9AC53D7E493CED0E00000073
91,Panthi,Canon,Dark,Grass,Grass Whirlwind,50,Grass,#71,20.00%,,,,,0.00%,Eternal Nightfall,85,Dark,#298,10.00%,,,,,0.00%,Nocturnal Nightmare,****,#302,20.00%,Dark Whispers,**,#300,20.00%,Evade,#375,18.00%,Miss,#1,12.00%,0008138874D997D20619837CF3C7E1050A785E9F9AC53D7E77088F1000000075
92,Panclaw,Canon,Dark,Grass,Forest Fury,100,Grass,#76,13.00%,Fatal Sneak Attack,125,Fighting,#395,10.00%,Obilivion Orb,70,Dark,#297,21.00%,Chlorophyll Charge,85,Grass,#82,12.00%,,,,0.00%,,,,0.00%,Leap,#380,24.00%,Miss,#1,20.00%,0008138874D997D20619837CF3C7E1050A785E9F9AC53D7E8DEE601100000076
93,Pupaw,Canon,Fire,,Tail Swipe,50,Normal,#9,10.00%,Inferno Blitz,80,Fire ,#37,10.00%,Ember Wheel,40,Fire ,#43,31.00%,,,,,0.00%,Taunt and Tease,****,#32,25.00%,,,,0.00%,Protect,#377,14.00%,Miss,#1,10.00%,0008138874D997D20619837CF3C7E1050A785E9F9AC53D7EA4D4311200000077
94,Fenfire,Canon,Fire,,Incinerate,100,Fire ,#40,12.00%,Metal Fang,100,Steel,#309,12.00%,Flame Whirlwind,70,Fire ,#45,19.00%,Infernal Explosion,85,Fire ,#46,15.00%,,,,0.00%,,,,0.00%,Riftwalk,#381,23.00%,Miss,#1,19.00%,0008138874D997D20619837CF3C7E1050A785E9F9AC53D7EBBBA021300000078
95,Seagulf,Canon,Flying,,Sky Dive,30,Flying,#178,10.00%,Wing Slash,50,Flying,#180,10.00%,Extreme Speed,85,Normal,#28,18.00%,,,,,0.00%,Feathered Fling,****,#194,23.00%,Lullaby,**,#30,25.00%,,,0.00%,Miss,#1,14.00%,0008138874D997D20619837CF3C7E1050A785E9F9AC53D7ED29FD31400000079
96,Seagle,Canon,Flying,,Dive Bomb,100,Flying,#184,10.00%,Feather Hurricane,50,Flying,#179,10.00%,Whirlwind Whack,70,Flying,#189,30.00%,Extreme Speed,85,Normal,#28,20.00%,,,,0.00%,,,,0.00%,Evade,#375,10.00%,Miss,#1,20.00%,0008138874D997D20619837CF3C7E1050A785E9F9AC53D7EE985A4150000007A
97,Seabacan,Canon,Flying,,Aeroblast,120,Flying,#186,30.00%,Tidal Wave,80,Water,#55,10.00%,Talon Tornado,85,Flying,#190,15.00%,,,,,0.00%,Tailwind Boost,**,#192,28.00%,,,,0.00%,,,0.00%,Miss,#1,17.00%,0008138874D997D20619837CF3C7E1050A785E9F9AC53D7E006B75160000007B
98,Geistmon,Canon,Cosmic,Ghost,Interdimensional Rift,80,Cosmic,#343,22.00%,,,,,0.00%,Night Terror,70,Ghost,#261,12.00%,Obilivion Orb,70,Dark,#297,16.00%,Space Time Warp,**,#354,20.00%,Lullaby,**,#30,20.00%,,,0.00%,Miss,#1,10.00%,0008138874D997D20619837CF3C7E1050A785E9F9AC53D7E175146170000007C
99,Cosmeist,Canon,Cosmic,Ghost,Ethereal Blast,80,Ghost,#254,17.00%,Teleport Strike,80,Psychic,#199,10.00%,Interstellar Impact,85,Cosmic,#352,22.00%,,,,,0.00%,Space Time Warp,**,#354,20.00%,Mind Control,***,#211,6.00%,Riftwalk,#381,11.00%,Miss,#1,14.00%,0008138874D997D20619837CF3C7E1050A785E9F9AC53D7E2E3717180000007D
100,Paragon,Legendary,Dragon,Undead,Rampage,80,Dragon,#272,16.00%,Magma Blast,80,Fire ,#38,16.00%,Deathly Dismemberment,85,Undead,#370,14.00%,Dimensional Shredder,85,Dragon,#280,18.00%,Necromancer's Grasp,***,#373,13.00%,,,,0.00%,Fly,#391,13.00%,Miss,#1,10.00%,0008138874D997D20619837CF3C7E1050A785E9F9AC53D7E451CE8190000007E
101,Trigsaur,Canon,Ground,Rock,Earthquake,100,Ground,#165,35.00%,Boulder Barrage,50,Rock,#234,25.00%,Fossil Fury,55,Rock,#242,12.00%,Geode Grenade,85,Rock,#244,15.00%,,,,0.00%,,,,0.00%,,,0.00%,Miss,#1,13.00%,0008138874D997D20619837CF3C7E1050A785E9F9AC53D7E5C02B91A0000007F
102,Tetatile,Canon,Grass,Ground,Grass Whirlwind,50,Grass,#71,25.00%,,,,,0.00%,Digging Strike,55,Ground,#170,16.00%,,,,,0.00%,Dust Devil,**,#174,25.00%,Floral Fusion,****,#86,24.00%,,,0.00%,Miss,#1,10.00%,0008138874D997D20619837CF3C7E1050A785E9F9AC53D7E72E88A1B00000080
103,Drogotile,Canon,Grass,Ground,Foliage Frenzy,50,Grass,#72,11.00%,Wild Rush,80,Normal,#15,10.00%,Tremor Shake,70,Ground,#171,26.00%,Talon Hammer,55,Dragon,#278,19.00%,Dust Devil,**,#174,10.00%,Taunt and Tease,****,#32,11.00%,,,0.00%,Miss,#1,13.00%,0008138874D997D20619837CF3C7E1050A785E9F9AC53D7E89CE5B1C00000081
104,Chibble,Canon,Ice,,Frost Nova,80,Ice,#109,19.00%,,,,,0.00%,Artic Chill,55,Ice,#116,10.00%,,,,,0.00%,Blizzard Cataclysm,****,#122,21.00%,Ice Wall,***,#121,18.00%,Burrow,#385,14.00%,Miss,#1,18.00%,0008138874D997D20619837CF3C7E1050A785E9F9AC53D7EA0B42C1D00000082
105,Finfysh,Canon,Ground,Water,Tsunami Slam,100,Water,#58,17.00%,Blackout Strike,50,Dark,#287,8.00%,,,,,0.00%,,,,,0.00%,Briny Blast,****,#68,15.00%,Venemous Vortex,****,#158,14.00%,Dive,#387,30.00%,Miss,#1,16.00%,0008138874D997D20619837CF3C7E1050A785E9F9AC53D7EB799FD1E00000083
106,Sharfysh,Canon,Ground,Water,Last Resort,120,Normal,#24,10.00%,,,,,0.00%,Tremor Shake,70,Ground,#171,18.00%,Torrential Tempest,70,Water,#63,27.00%,Briny Blast,****,#68,13.00%,Taunt and Tease,****,#32,9.00%,,,0.00%,Miss,#1,23.00%,0008138874D997D20619837CF3C7E1050A785E9F9AC53D7ECE7FCE1F00000084
107,Zeetle,Canon,Cosmic,Psychic,,,,,0.00%,,,,,0.00%,Interstellar Impact,85,Cosmic,#352,17.00%,Telepathic Tempest,85,Psychic,#208,10.00%,Thought Scramble,****,#212,14.00%,Telekinetic Shield,**,#210,16.00%,Riftwalk,#381,25.00%,Miss,#1,18.00%,0008138874D997D20619837CF3C7E1050A785E9F9AC53D7EE5659F2000000085
108,Rabbowl,Canon,Dark,Grass,Midnight Maul,80,Dark,#289,25.00%,Forest Fury,100,Grass,#76,27.00%,,,,,0.00%,,,,,0.00%,Demonic Dread,***,#301,26.00%,Root Rend,**,#84,9.00%,,,0.00%,Miss,#1,13.00%,0008138874D997D20619837CF3C7E1050A785E9F9AC53D7EFC4B702100000086
109,Snazzle,Canon,Ground,Normal,Venomous Bite,50,Poison,#144,12.00%,Pound,30,Normal,#5,15.00%,Venom Pounce,70,Poison,#153,13.00%,Noxious Eruption,85,Poison,#154,14.00%,Quicksand Sinkhole,*,#173,12.00%,Sandstorm Shield,****,#176,23.00%,,,0.00%,Miss,#1,11.00%,0008138874D997D20619837CF3C7E1050A785E9F9AC53D7E1331412200000087
110,Sceptaz,Canon,Ground,Poison,Sandblast,50,Ground,#162,11.00%,Tailwhip,50,Dragon,#270,13.00%,Venom Pounce,70,Poison,#153,18.00%,Tremor Shake,70,Ground,#171,18.00%,Sand Pit Trap,***,#175,13.00%,Ancient Power,***,#247,14.00%,,,0.00%,Miss,#1,13.00%,0008138874D997D20619837CF3C7E1050A785E9F9AC53D7E2A17122300000088
111,Ghostor,Canon,Ghost,,Poltergeist Strike,50,Ghost,#251,12.00%,,,,,0.00%,Obilivion Orb,70,Dark,#297,15.00%,,,,,0.00%,Soul Drain,***,#265,20.00%,Taunt and Tease,****,#32,21.00%,Mirage,#383,14.00%,Miss,#1,18.00%,0008138874D997D20619837CF3C7E1050A785E9F9AC53D7E40FCE32400000089
112,Hippor,Canon,Ghost,Undead,Ectoplasmic Explosion,80,Ghost,#253,17.00%,Tombstone Tremor,80,Undead,#362,17.00%,Deathly Dismemberment,85,Undead,#370,21.00%,Ghostly Guillotine,85,Ghost,#262,13.00%,,,,0.00%,,,,0.00%,Shadow Swap,#382,13.00%,Miss,#1,19.00%,0008138874D997D20619837CF3C7E1050A785E9F9AC53D7E57E2B4250000008A
113,Phox,Canon,Fairy,Grass,Solar Beam,100,Grass,#75,11.00%,,,,,0.00%,Flutter Fury,70,Fairy,#333,19.00%,Leaf Tornado,70,Grass,#81,11.00%,Shimmering Symphony,****,#338,14.00%,,,,0.00%,Evade,#375,28.00%,Miss,#1,17.00%,0008138874D997D20619837CF3C7E1050A785E9F9AC53D7E6EC885260000008B
114,Phibbit,Canon,Fairy,Grass,Glittering Sweep,80,Fairy,#326,16.00%,Bramble Barrage,80,Grass,#73,10.00%,,,,,0.00%,,,,,0.00%,Floral Fusion,****,#86,20.00%,Aurora Borealis,****,#356,18.00%,Dodge,#376,15.00%,Miss,#1,21.00%,0008138874D997D20619837CF3C7E1050A785E9F9AC53D7E85AE56270000008C
115,Octoil,Canon,Psychic,Water,Tsunami Slam,100,Water,#58,28.00%,Bump and Run,100,Normal,#20,29.00%,Mighty Migraine,40,Psychic,#205,13.00%,Rain Dance Rush,40,Water,#61,17.00%,,,,0.00%,,,,0.00%,,,0.00%,Miss,#1,13.00%,0008138874D997D20619837CF3C7E1050A785E9F9AC53D7E9C9427280000008D
116,Fenix,Canon,Fire,Flying,Flame Charge,50,Fire ,#36,11.00%,Feather Hurricane,50,Flying,#179,11.00%,Whirlwind Whack,70,Flying,#189,20.00%,Dark Energy Blast,100,Dark,#291,21.00%,Roost,*,#191,13.00%,,,,0.00%,Fly,#391,11.00%,Miss,#1,13.00%,0008138874D997D20619837CF3C7E1050A785E9F9AC53D7EB379F8290000008E
117,Clubja,Canon,Fighting,,Spinning Backfist,50,Fighting,#125,15.00%,,,,,0.00%,Abyssal Annihilation,120,Dark,#293,10.00%,,,,,0.00%,Kung Fu Confusion,****,#140,26.00%,Courageous Roar,**,#138,16.00%,Leap,#380,15.00%,Miss,#1,18.00%,0008138874D997D20619837CF3C7E1050A785E9F9AC53D7ECA5FC92A0000008F
118,Ninjaro,Canon,Dark,Fighting,Suplex Slam,80,Fighting,#127,14.00%,Fatal Sneak Attack,125,Fighting,#395,10.00%,Eternal Nightfall,85,Dark,#298,18.00%,Close Combat,85,Fighting,#136,17.00%,,,,0.00%,,,,0.00%,Shadow Swap,#382,18.00%,Miss,#1,23.00%,0008138874D997D20619837CF3C7E1050A785E9F9AC53D7EE1459A2B00000090
119,Turtja,Canon,Dark,Fighting,Dragon Kick,120,Fighting,#131,16.00%,Shadowy Sweep,80,Dark,#290,13.00%,Eternal Nightfall,85,Dark,#298,15.00%,,,,,0.00%,Iron Defense,***,#139,18.00%,,,,0.00%,Backflip,#378,20.00%,Miss,#1,18.00%,0008138874D997D20619837CF3C7E1050A785E9F9AC53D7EF82B6B2C00000091
120,Scaltaur,Canon,Ice,Water,Glacial Crush,100,Ice,#111,16.00%,Oceanic Surge,120,Water,#59,24.00%,Torrential Tempest,70,Water,#63,15.00%,,,,,0.00%,Freeze Ray,**,#120,18.00%,Seafoam Shield,*,#65,14.00%,,,0.00%,Miss,#1,13.00%,0008138874D997D20619837CF3C7E1050A785E9F9AC53D7E0F113C2D00000092
121,Tibbit,Canon,Fighting,Ground,Fists of Fury,80,Fighting,#128,20.00%,Fatal Sneak Attack,125,Fighting,#395,21.00%,Digging Strike,55,Ground,#170,12.00%,,,,,0.00%,Sand Pit Trap,***,#175,12.00%,Ancient Power,***,#247,17.00%,,,0.00%,Miss,#1,18.00%,0008138874D997D20619837CF3C7E1050A785E9F9AC53D7E06D13243000000A8
122,Aype,Canon,Dark,Fighting,Submission Slam,120,Fighting,#132,20.00%,Fatal Sneak Attack,125,Fighting,#395,20.00%,Umbral Uppercut,40,Dark,#295,19.00%,,,,,0.00%,Burn Up,**,#48,27.00%,,,,0.00%,,,0.00%,Miss,#1,14.00%,0008138874D997D20619837CF3C7E1050A785E9F9AC53D7E1DB70344000000A9
123,Chirpee,Canon,Flying,,Aerial Assault,80,Flying,#181,11.00%,,,,,0.00%,Cyclone Kick,55,Flying,#188,12.00%,Searing Strike,55,Fire ,#44,15.00%,Roost,*,#191,23.00%,Feathered Fling,****,#194,28.00%,,,0.00%,Miss,#1,11.00%,0008138874D997D20619837CF3C7E1050A785E9F9AC53D7E349CD445000000AA
124,Hellix,Canon,Fire,Flying,,,,,0.00%,,,,,0.00%,Flame Whirlwind,70,Fire ,#45,30.00%,Soaring Strike,80,Flying,#182,16.00%,Fire Cloak,*,#47,21.00%,Brave Bird,***,#193,19.00%,,,0.00%,Miss,#1,14.00%,0008138874D997D20619837CF3C7E1050A785E9F9AC53D7E4B82A546000000AB
125,Protek,Canon,Bug,Steel,Metal Crush,50,Steel,#305,8.00%,,,,,0.00%,Pincer Pinch,55,Bug,#224,10.00%,Chrysalid Charge,70,Bug,#225,14.00%,Steel Plague,****,#320,18.00%,Infestation,****,#230,20.00%,Protect,#377,10.00%,Miss,#1,20.00%,0008138874D997D20619837CF3C7E1050A785E9F9AC53D7E62687647000000AC
126,Attak,Canon,Bug,Steel,X-Scissor Strike,100,Bug,#219,9.00%,Iron Strike,100,Fighting,#130,9.00%,Steel Swipe,55,Steel,#314,18.00%,Digging Strike,55,Ground,#170,18.00%,Metamorphosis Madness,***,#229,16.00%,Ancient Power,***,#247,16.00%,,,0.00%,Miss,#1,14.00%,0008138874D997D20619837CF3C7E1050A785E9F9AC53D7E794E4748000000AD
127,Spidice,Canon,Bug,Ice,Web Shot Lunge,100,Bug,#220,28.00%,Glacial Crush,100,Ice,#111,12.00%,Hailstorm Fury,70,Ice,#117,10.00%,Venom Pounce,70,Poison,#153,5.00%,Sticky Web,**,#228,14.00%,,,,0.00%,Protect,#377,17.00%,Miss,#1,14.00%,0008138874D997D20619837CF3C7E1050A785E9F9AC53D7E90341849000000AE
128,Bufflava,Canon,Normal,,Stomp,65,Normal,#12,25.00%,Skull Bash,80,Normal,#14,20.00%,,,,,0.00%,,,,,0.00%,Taunt and Tease,****,#32,20.00%,Iron Defense,***,#139,10.00%,Protect,#377,11.00%,Miss,#1,14.00%,0008138874D997D20619837CF3C7E1050A785E9F9AC53D7EA719E94A000000AF
129,Mustaur,Canon,Fighting,Normal,Death Charge,120,Normal,#23,15.00%,Submission Slam,120,Fighting,#132,10.00%,Close Combat,85,Fighting,#136,18.00%,Incinerate,100,Fire ,#40,12.00%,,,,0.00%,,,,0.00%,Withdraw,#379,18.00%,Miss,#1,27.00%,0008138874D997D20619837CF3C7E1050A785E9F9AC53D7EBDFFBA4B000000B0
130,Stalagon,Legendary,Dragon,Rock,Meteor Rush,120,Rock,#239,8.00%,Obliterating Breath,120,Dragon,#275,9.00%,Dimensional Shredder,85,Dragon,#280,10.00%,Heavenly Hurricane,85,Fairy,#334,11.00%,Quarry Coffin,****,#248,12.00%,Ancient Rage,****,#284,15.00%,Fly,#391,18.00%,Miss,#1,17.00%,0008138874D997D20619837CF3C7E1050A785E9F9AC53D7E02B12D4E000000B3
131,Lunaura,Canon,Grass,Poison,Sludge Bomb,50,Poison,#143,25.00%,Grass Whirlwind,50,Grass,#71,17.00%,,,,,0.00%,,,,,0.00%,Venemous Vortex,****,#158,25.00%,Seed Scatter,***,#85,20.00%,Burrow,#385,3.00%,Miss,#1,10.00%,0008138874D997D20619837CF3C7E1050A785E9F9AC53D7EC4657778000000DD
132,Sylvaria,Canon,Grass,Poison,Sludge Bomb,50,Poison,#143,11.00%,,,,,0.00%,Pollen Puff,55,Grass,#80,14.00%,Venom Pounce,70,Poison,#153,25.00%,Seed Scatter,***,#85,21.00%,Acid Rain,***,#157,14.00%,,,0.00%,Miss,#1,15.00%,0008138874D997D20619837CF3C7E1050A785E9F9AC53D7EDB4B4879000000DE
133,Ottail,Canon,Ghost,Water,Shadow Ball,30,Ghost,#249,17.00%,Apparition Assault,100,Ghost,#255,11.00%,Rain Dance Rush,40,Water,#61,10.00%,,,,,0.00%,Aqua Veil,***,#67,26.00%,Ghostly Possession,****,#266,24.00%,,,0.00%,Miss,#1,12.00%,0008138874D997D20619837CF3C7E1050A785E9F9AC53D7EF231197A000000DF
134,Frostail,Canon,Ghost,Water,Tidal Wave,80,Water,#55,14.00%,Head Kick,70,Normal,#13,8.00%,Ghostly Guillotine,85,Ghost,#262,18.00%,Drenching Downpour,85,Water,#64,18.00%,,,,0.00%,,,,0.00%,Dive,#387,24.00%,Miss,#1,18.00%,0008138874D997D20619837CF3C7E1050A785E9F9AC53D7E0916EA7B000000E0
135,Tidetail,Canon,Ghost,Water,Banshee Blast,120,Ghost,#257,30.00%,Tidal Wave,80,Water,#55,28.00%,,,,,0.00%,,,,,0.00%,Haunting Curse,**,#264,20.00%,Phantom Scream,*,#263,12.00%,,,0.00%,Miss,#1,10.00%,0008138874D997D20619837CF3C7E1050A785E9F9AC53D7E1FFCBB7C000000E1
136,Shrubsnap,Canon,Bug,,Bug Bite,30,Bug,#213,4.00%,Web Shot Lunge,100,Bug,#220,15.00%,,,,,0.00%,,,,,0.00%,Sticky Web,**,#228,15.00%,Infestation,****,#230,30.00%,Protect,#377,20.00%,Miss,#1,16.00%,0008138874D997D20619837CF3C7E1050A785E9F9AC53D7E36E28C7D000000E2
137,Glossifly,Canon,Bug,Flying,Wing Slash,50,Flying,#180,20.00%,Cocoon Cannon,120,Bug,#222,5.00%,Chrysalid Charge,70,Bug,#225,35.00%,,,,,0.00%,Metamorphosis Madness,***,#229,26.00%,,,,0.00%,,,0.00%,Miss,#1,14.00%,0008138874D997D20619837CF3C7E1050A785E9F9AC53D7E4DC85D7E000000E3
138,Drakarne,Canon,Dark,Electric,Blackout Strike,50,Dark,#287,25.00%,,,,,0.00%,Zap Kick,40,Electric,#97,5.00%,,,,,0.00%,Demonic Dread,***,#301,31.00%,Thunderous Roar,***,#103,29.00%,,,0.00%,Miss,#1,10.00%,0008138874D997D20619837CF3C7E1050A785E9F9AC53D7E64AE2E7F000000E4
139,Thundakar,Canon,Dark,Electric,Metal Fang,100,Steel,#309,12.00%,,,,,0.00%,Eternal Nightfall,85,Dark,#298,20.00%,Thunder Strike,50,Electric,#89,15.00%,Demonic Dread,***,#301,15.00%,,,,0.00%,Counter,#389,23.00%,Miss,#1,15.00%,0008138874D997D20619837CF3C7E1050A785E9F9AC53D7E7B93FF80000000E5
140,Metalbark,Canon,Bug,Steel,Beetle Barrage,80,Bug,#218,18.00%,Acid Splash,80,Poison,#145,13.00%,,,,,0.00%,,,,,0.00%,Leech,*,#227,21.00%,Steel Plague,****,#320,28.00%,Protect,#377,9.00%,Miss,#1,11.00%,0008138874D997D20619837CF3C7E1050A785E9F9AC53D7E9279D081000000E6
141,Mothurn,Canon,Bug,Fire,X-Scissor Strike,100,Bug,#219,12.00%,Flame Cannon,100,Fire ,#39,18.00%,Flame Whirlwind,70,Fire ,#45,13.00%,,,,,0.00%,Metamorphosis Madness,***,#229,21.00%,Burn Up,**,#48,10.00%,Fly,#391,9.00%,Miss,#1,17.00%,0008138874D997D20619837CF3C7E1050A785E9F9AC53D7EA95FA182000000E7
142,Glomo,Canon,Bug,Fairy,Serrated Slash,80,Bug,#217,12.00%,Leaf Tornado,70,Grass,#81,9.00%,Heavenly Hurricane,85,Fairy,#334,27.00%,Pincer Pinch,55,Bug,#224,10.00%,,,,0.00%,,,,0.00%,Fly,#391,30.00%,Miss,#1,12.00%,0008138874D997D20619837CF3C7E1050A785E9F9AC53D7EC0457283000000E8
143,Mothnap,Canon,Bug,Fairy,,,,,0.00%,,,,,0.00%,Chrysalid Charge,70,Bug,#225,31.00%,Fairy Strike,55,Fairy,#332,21.00%,Draining Kiss,***,#337,14.00%,Metamorphosis Madness,***,#229,9.00%,Fly,#391,9.00%,Miss,#1,16.00%,0008138874D997D20619837CF3C7E1050A785E9F9AC53D7ED72B4384000000E9
144,Skypus,Canon,Flying,Undead,Nightshade Strike,100,Undead,#363,31.00%,Aeroblast,120,Flying,#186,7.00%,Ghoulish Grab,40,Undead,#367,16.00%,Umbral Uppercut,40,Dark,#295,6.00%,Necromancer's Grasp,***,#373,17.00%,Mind Control,***,#211,8.00%,,,0.00%,Miss,#1,15.00%,0008138874D997D20619837CF3C7E1050A785E9F9AC53D7EEE111485000000EA
145,Luminion,Canon,Grass,Ground,Sandblast,50,Ground,#162,25.00%,Sludge Bomb,50,Poison,#143,8.00%,Pollen Puff,55,Grass,#80,10.00%,,,,,0.00%,Floral Fusion,****,#86,26.00%,Dust Devil,**,#174,21.00%,,,0.00%,Miss,#1,10.00%,0008138874D997D20619837CF3C7E1050A785E9F9AC53D7E04F6E586000000EB
146,Leafion,Canon,Grass,Ground,Seed Bomb,80,Grass,#74,18.00%,Ground Shatter,100,Ground,#166,26.00%,Pollen Puff,55,Grass,#80,35.00%,Terra Tackle,40,Ground,#169,9.00%,,,,0.00%,,,,0.00%,,,0.00%,Miss,#1,12.00%,0008138874D997D20619837CF3C7E1050A785E9F9AC53D7E1BDCB687000000EC
147,Hoothoot,Canon,Flying,Grass,Aerial Assault,80,Flying,#181,18.00%,Razor Leaf,30,Grass,#70,7.00%,Pollen Puff,55,Grass,#80,10.00%,,,,,0.00%,Feathered Fling,****,#194,19.00%,Root Rend,**,#84,26.00%,Evade,#375,10.00%,Miss,#1,10.00%,0008138874D997D20619837CF3C7E1050A785E9F9AC53D7E32C28788000000ED
148,Forestwing,Canon,Flying,Grass,Seed Bomb,80,Grass,#74,15.00%,,,,,0.00%,Leaf Tornado,70,Grass,#81,30.00%,Talon Tornado,85,Flying,#190,12.00%,,,,0.00%,,,,0.00%,Fly,#391,26.00%,Miss,#1,17.00%,0008138874D997D20619837CF3C7E1050A785E9F9AC53D7E49A85889000000EE
149,Mariluna,Canon,Fairy,Poison,Sludge Bomb,50,Poison,#143,12.00%,,,,,0.00%,Heavenly Hurricane,85,Fairy,#334,18.00%,Fairy Strike,55,Fairy,#332,10.00%,Venemous Vortex,****,#158,15.00%,Shimmering Symphony,****,#338,7.00%,Detect,#390,21.00%,Miss,#1,17.00%,0008138874D997D20619837CF3C7E1050A785E9F9AC53D7E608E298A000000EF
150,Ignipurr,Canon,Fire,,Flame Charge,50,Fire ,#36,5.00%,,,,,0.00%,Eclipse Eruption,55,Dark,#296,12.00%,Flame Whirlwind,70,Fire ,#45,13.00%,Burn Up,**,#48,31.00%,Demonic Dread,***,#301,29.00%,,,0.00%,Miss,#1,10.00%,0008138874D997D20619837CF3C7E1050A785E9F9AC53D7E7773FA8B000000F0
151,Tectospeed,Canon,Fire,Dark,Dark Void Vortex,100,Dark,#292,10.00%,Inferno Blitz,80,Fire ,#37,21.00%,Infernal Explosion,85,Fire ,#46,20.00%,Extreme Speed,85,Normal,#28,9.00%,,,,0.00%,,,,0.00%,Counter,#389,22.00%,Miss,#1,18.00%,0008138874D997D20619837CF3C7E1050A785E9F9AC53D7E8E59CB8C000000F1
152,Nightwalker,Canon,Ghost,Undead,Deathly Decimation,120,Ghost,#258,18.00%,Nightshade Strike,100,Undead,#363,17.00%,Ghoulish Grab,40,Undead,#367,12.00%,,,,,0.00%,Death's Dominion,****,#374,20.00%,Phantom Scream,*,#263,19.00%,,,0.00%,Miss,#1,14.00%,0008138874D997D20619837CF3C7E1050A785E9F9AC53D7EA53F9C8D000000F2
153,Aeroquill,Canon,Fire,,Blaze Kick,30,Fire ,#33,10.00%,Bump and Run,100,Normal,#20,24.00%,Quick Attack,40,Normal,#25,12.00%,,,,,0.00%,Screech,***,#31,12.00%,Taunt and Tease,****,#32,20.00%,Evade,#375,8.00%,Miss,#1,14.00%,0008138874D997D20619837CF3C7E1050A785E9F9AC53D7EBC256D8E000000F3
154,Crysphynx,Canon,Fire,Ice,Flame Cannon,100,Fire ,#39,16.00%,Frost Nova,80,Ice,#109,17.00%,Hailstorm Fury,70,Ice,#117,18.00%,Flame Whirlwind,70,Fire ,#45,15.00%,,,,0.00%,,,,0.00%,Dodge,#376,18.00%,Miss,#1,16.00%,0008138874D997D20619837CF3C7E1050A785E9F9AC53D7ED30B3E8F000000F4
155,Vulkinder,Canon,Fire,Ice,Arctic Avalanche,120,Ice,#114,25.00%,Mega Blast,110,Normal,#22,15.00%,,,,,0.00%,,,,,0.00%,Molten Maelstrom,***,#49,10.00%,Ice Wall,***,#121,12.00%,Riftwalk,#381,18.00%,Miss,#1,20.00%,0008138874D997D20619837CF3C7E1050A785E9F9AC53D7EE9F10F90000000F5
156,Flameflow,Canon,Fire,,Flame Charge,50,Fire ,#36,14.00%,Ice Fang,50,Ice,#108,10.00%,Ember Wheel,40,Fire ,#43,15.00%,Flame Whirlwind,70,Fire ,#45,3.00%,Pheonix Fury,****,#50,20.00%,Ice Wall,***,#121,19.00%,Protect,#377,6.00%,Miss,#1,13.00%,0008138874D997D20619837CF3C7E1050A785E9F9AC53D7E00D6E091000000F6
157,Blazeray,Canon,Fire,,Heat Wave,50,Fire ,#35,15.00%,Incinerate,100,Fire ,#40,25.00%,Inferno Blitz,80,Fire ,#37,32.00%,Quick Attack,40,Normal,#25,12.00%,Fire Cloak,*,#47,6.00%,,,,0.00%,,,0.00%,Miss,#1,10.00%,0008138874D997D20619837CF3C7E1050A785E9F9AC53D7E17BCB192000000F7
158,Infernion,Canon,Fire,Flying,Soaring Strike,80,Flying,#182,10.00%,World-ending Fire,120,Dragon,#276,30.00%,Cyclone Kick,55,Flying,#188,9.00%,,,,,0.00%,Pheonix Fury,****,#50,10.00%,,,,0.00%,Fly,#391,22.00%,Miss,#1,19.00%,0008138874D997D20619837CF3C7E1050A785E9F9AC53D7E2EA28293000000F8
159,Aquapelt,Canon,Ice,Water,Hydro Cannon,80,Water,#56,18.00%,,,,,0.00%,Crystal Crush,85,Ice,#118,18.00%,Drenching Downpour,85,Water,#64,8.00%,Ice Wall,***,#121,22.00%,,,,0.00%,Protect,#377,15.00%,Miss,#1,19.00%,0008138874D997D20619837CF3C7E1050A785E9F9AC53D7E45885394000000F9
160,Mushrose,Canon,Grass,Poison,Bramble Barrage,80,Grass,#73,27.00%,,,,,0.00%,Sludge Cannon,55,Poison,#152,14.00%,,,,,0.00%,Corrosive Vapors,**,#156,22.00%,Seed Scatter,***,#85,26.00%,,,0.00%,Miss,#1,11.00%,0008138874D997D20619837CF3C7E1050A785E9F9AC53D7E5C6E2495000000FA
161,Skyshimmer,Canon,Flying,Poison,Hurricane,100,Flying,#183,14.00%,,,,,0.00%,Venom Pounce,70,Poison,#153,16.00%,Whirlwind Whack,70,Flying,#189,11.00%,Corrosive Vapors,**,#156,24.00%,Acid Rain,***,#157,11.00%,Riftwalk,#381,10.00%,Miss,#1,14.00%,0008138874D997D20619837CF3C7E1050A785E9F9AC53D7E7353F596000000FB
162,Mushgloom,Canon,Ghost,Ground,Sludge Bomb,50,Poison,#143,28.00%,,,,,0.00%,Nightmarish Nudge,40,Ghost,#259,14.00%,,,,,0.00%,Sandstorm Shield,****,#176,16.00%,Soul Drain,***,#265,32.00%,,,0.00%,Miss,#1,10.00%,0008138874D997D20619837CF3C7E1050A785E9F9AC53D7E8A39C697000000FC
163,Zephantom,Canon,Ghost,Ground,Rock Tomb Collapse,120,Ground,#168,9.00%,,,,,0.00%,Night Terror,70,Ghost,#261,18.00%,Venom Pounce,70,Poison,#153,20.00%,Acid Rain,***,#157,8.00%,Soul Drain,***,#265,9.00%,Shadow Swap,#382,18.00%,Miss,#1,18.00%,0008138874D997D20619837CF3C7E1050A785E9F9AC53D7EA11F9798000000FD
164,Celestallion,Canon,Cosmic,Normal,Giga Slam,100,Normal,#21,11.00%,Thunderbolt Blitz,120,Electric,#96,11.00%,Aurora Blast,55,Cosmic,#350,12.00%,,,,,0.00%,Space Time Warp,**,#354,28.00%,Taunt and Tease,****,#32,21.00%,,,0.00%,Miss,#1,17.00%,0008138874D997D20619837CF3C7E1050A785E9F9AC53D7EB8056899000000FE
165,Nimbolus,Canon,Normal,,Bump and Run,100,Normal,#20,25.00%,,,,,0.00%,Snuggle Tackle,70,Normal,#27,22.00%,,,,,0.00%,Screech,***,#31,25.00%,,,,0.00%,Protect,#377,10.00%,Miss,#1,18.00%,0008138874D997D20619837CF3C7E1050A785E9F9AC53D7ECEEB399A000000FF
166,Gorgonite,Canon,Steel,,Metallic Rush,80,Steel,#308,19.00%,Stomp,65,Normal,#12,10.00%,,,,,0.00%,,,,,0.00%,Steel Plague,****,#320,18.00%,Metallic Harden,***,#319,17.00%,Protect,#377,23.00%,Miss,#1,13.00%,0008138874D997D20619837CF3C7E1050A785E9F9AC53D7EE5D10A9B00000100
167,Voodoom,Canon,Fighting,Steel,Death Charge,120,Normal,#23,15.00%,,,,,0.00%,Close Combat,85,Fighting,#136,24.00%,Bolt Blade,70,Steel,#315,22.00%,,,,0.00%,,,,0.00%,Counter,#389,15.00%,Miss,#1,24.00%,0008138874D997D20619837CF3C7E1050A785E9F9AC53D7EFCB6DB9C00000101
168,Duoserpent,Canon,Grass,Psychic,Photosynthesis Flare,120,Grass,#78,19.00%,Psyshock Slam,100,Psychic,#202,6.00%,Aura Sphere Blast,70,Psychic,#207,20.00%,Leaf Tornado,70,Grass,#81,13.00%,Petal Dance,*,#83,32.00%,,,,0.00%,,,0.00%,Miss,#1,10.00%,0008138874D997D20619837CF3C7E1050A785E9F9AC53D7E139CAC9D00000102
169,Faeclipse,Canon,Fairy,Flying,Wing Gust,30,Flying,#177,30.00%,,,,,7.00%,Flutter Fury,70,Fairy,#333,10.00%,,,,,0.00%,Brave Bird,***,#193,27.00%,Shimmering Symphony,****,#338,23.00%,,,0.00%,Miss,#1,3.00%,0008138874D997D20619837CF3C7E1050A785E9F9AC53D7E2A827D9E00000103
170,Cosmopod,Canon,Fairy,Flying,Wing Slash,50,Flying,#180,14.00%,,,,,0.00%,Heavenly Hurricane,85,Fairy,#334,30.00%,,,,,0.00%,Draining Kiss,***,#337,18.00%,,,,0.00%,Evade,#375,22.00%,Miss,#1,16.00%,0008138874D997D20619837CF3C7E1050A785E9F9AC53D7E41684E9F00000104
171,Glacifella,Canon,Ice,,Snowball Strike,30,Ice,#106,15.00%,Subzero Slash,100,Ice,#112,17.00%,,,,,0.00%,,,,,0.00%,Ice Wall,***,#121,27.00%,Sandstorm Shield,****,#176,25.00%,,,0.00%,Miss,#1,16.00%,0008138874D997D20619837CF3C7E1050A785E9F9AC53D7E584E1FA000000105
172,Blizzmantis,Canon,Grass,Ice,Forest Fury,100,Grass,#76,23.00%,,,,,0.00%,Hailstorm Fury,70,Ice,#117,12.00%,Hydro Cannon,80,Water,#56,8.00%,Blizzard Cataclysm,****,#122,15.00%,,,,0.00%,Mirage,#383,22.00%,Miss,#1,20.00%,0008138874D997D20619837CF3C7E1050A785E9F9AC53D7E6F33F0A100000106
173,Nebulynx,Canon,Ghost,Poison,Poisonous Whirlwind,80,Poison,#146,22.00%,Ghastly Grapple,100,Ghost,#256,16.00%,,,,,0.00%,,,,,0.00%,Haunting Curse,**,#264,19.00%,Acid Rain,***,#157,23.00%,Detect,#390,10.00%,Miss,#1,10.00%,0008138874D997D20619837CF3C7E1050A785E9F9AC53D7E8619C1A200000107
174,Xenoquencher,Canon,Ghost,Poison,Poisonous Whirlwind,80,Poison,#146,13.00%,,,,,0.00%,Ghostly Guillotine,85,Ghost,#262,16.00%,Noxious Eruption,85,Poison,#154,8.00%,Ghostly Possession,****,#266,19.00%,,,,0.00%,Fly,#391,22.00%,Miss,#1,22.00%,0008138874D997D20619837CF3C7E1050A785E9F9AC53D7E9CFF92A300000108
175,Tectonix,Canon,Fairy,Psychic,Glittering Sweep,80,Fairy,#326,11.00%,Zen Headbutt,80,Psychic,#200,12.00%,Aura Sphere Blast,70,Psychic,#207,8.00%,,,,,0.00%,Shimmering Symphony,****,#338,14.00%,Shockwave Shield,****,#104,15.00%,Riftwalk,#381,22.00%,Miss,#1,18.00%,0008138874D997D20619837CF3C7E1050A785E9F9AC53D7EB3E563A400000109
176,Geogale,Canon,Fairy,Steel,Twinkle Tackle,80,Fairy,#325,9.00%,,,,,0.00%,Omega Steel Strike,85,Steel,#316,29.00%,,,,,0.00%,Iron Defense,***,#139,25.00%,,,,0.00%,Counter,#389,19.00%,Miss,#1,18.00%,0008138874D997D20619837CF3C7E1050A785E9F9AC53D7ECACB34A50000010A
177,Solarith,Canon,Fire,,Flame Charge,50,Fire ,#36,6.00%,Skull Bash,80,Normal,#14,7.00%,Searing Strike,55,Fire ,#44,7.00%,Geode Grenade,85,Rock,#244,1.00%,Molten Maelstrom,***,#49,16.00%,Taunt and Tease,****,#32,24.00%,Evade,#375,22.00%,Miss,#1,17.00%,0008138874D997D20619837CF3C7E1050A785E9F9AC53D7EE1B105A60000010B
178,Pyrosphinx,Canon,Fire,Rock,Incinerate,100,Fire ,#40,13.00%,,,,,0.00%,Bedrock Blast,70,Rock,#243,19.00%,Flame Whirlwind,70,Fire ,#45,9.00%,Ancient Power,***,#247,24.00%,,,,0.00%,Dodge,#376,18.00%,Miss,#1,17.00%,0008138874D997D20619837CF3C7E1050A785E9F9AC53D7EFA712364000000C9
179,Forrestwyrm,Canon,Cosmic,Grass,Thorn Blizzard,120,Grass,#77,20.00%,Gravity Pull,50,Cosmic,#342,7.00%,Solar Storm,70,Cosmic,#351,17.00%,,,,,0.00%,Cosmic Radiation,***,#355,16.00%,Seed Scatter,***,#85,5.00%,Parry,#388,18.00%,Miss,#1,17.00%,0008138874D997D20619837CF3C7E1050A785E9F9AC53D7E1156F465000000CA
180,Arctigon,Legendary,Dragon,Ice,Frozen Spear,80,Ice,#110,9.00%,Aerial Assault,80,Flying,#181,15.00%,Dimensional Shredder,85,Dragon,#280,13.00%,Crystal Crush,85,Ice,#118,18.00%,Ancient Rage,****,#284,10.00%,Ice Wall,***,#121,7.00%,Fly,#391,16.00%,Miss,#1,12.00%,0008138874D997D20619837CF3C7E1050A785E9F9AC53D7EF896D6A70000010C
181,Luxarose,Canon,Bug,Steel,Swarm,30,Bug,#214,6.00%,Metal Crush,50,Steel,#305,16.00%,Quick Attack,40,Normal,#25,11.00%,,,,,0.00%,Iron Defense,***,#139,22.00%,Infestation,****,#230,24.00%,Protect,#377,10.00%,Miss,#1,11.00%,0008138874D997D20619837CF3C7E1050A785E9F9AC53D7E283CC566000000CB
182,Pincerose,Canon,Bug,Steel,Beetle Barrage,80,Bug,#218,17.00%,,,,,0.00%,Chrysalid Charge,70,Bug,#225,14.00%,Omega Steel Strike,85,Steel,#316,20.00%,Iron Defense,***,#139,13.00%,,,,0.00%,Counter,#389,18.00%,Miss,#1,18.00%,0008138874D997D20619837CF3C7E1050A785E9F9AC53D7E3F229667000000CC
183,Nebulisk,Canon,Cosmic,Undead,Interdimensional Rift,80,Cosmic,#343,15.00%,Ethereal Blast,80,Ghost,#254,11.00%,Ghoulish Grab,40,Undead,#367,26.00%,,,,,0.00%,Death's Dominion,****,#374,22.00%,Space Time Warp,**,#354,14.00%,,,0.00%,Miss,#1,12.00%,0008138874D997D20619837CF3C7E1050A785E9F9AC53D7E56086768000000CD
184,Spectrapetal,Canon,Fairy,,Radiant Ray,100,Fairy,#328,27.00%,Mystic Moonbeam,120,Fairy,#329,17.00%,Pixie Power,40,Fairy,#331,15.00%,,,,,0.00%,Charm Beam,**,#336,20.00%,,,,0.00%,Evade,#375,8.00%,Miss,#1,13.00%,0008138874D997D20619837CF3C7E1050A785E9F9AC53D7E0F7CA7A80000010D
185,Lunalilith,Canon,Fairy,Poison,Acid Splash,80,Poison,#145,10.00%,,,,,0.00%,Noxious Eruption,85,Poison,#154,5.00%,Fairy Strike,55,Fairy,#332,24.00%,Shimmering Symphony,****,#338,15.00%,Seed Scatter,***,#85,8.00%,Withdraw,#379,19.00%,Miss,#1,19.00%,0008138874D997D20619837CF3C7E1050A785E9F9AC53D7E6CEE3869000000CE
186,Aquaflare,Canon,Water,,Tsunami Slam,100,Water,#58,29.00%,Aqua Jet,30,Water,#51,5.00%,Rain Dance Rush,40,Water,#61,20.00%,,,,,0.00%,Aqua Veil,***,#67,25.00%,,,,0.00%,Protect,#377,11.00%,Miss,#1,10.00%,0008138874D997D20619837CF3C7E1050A785E9F9AC53D7E83D4096A000000CF
187,Aquasylph,Canon,Dark,Water,Midnight Maul,80,Dark,#289,15.00%,Hydro Cannon,80,Water,#56,12.00%,Rain Dance Rush,40,Water,#61,24.00%,Torrential Tempest,70,Water,#63,9.00%,Demonic Dread,***,#301,14.00%,Aqua Veil,***,#67,14.00%,,,0.00%,Miss,#1,12.00%,0008138874D997D20619837CF3C7E1050A785E9F9AC53D7E9AB9DA6B000000D0
188,Aquaterror,Canon,Ghost,Water,Deathly Decimation,120,Ghost,#258,32.00%,Surf Strike,50,Water,#54,26.00%,,,,,0.00%,,,,,0.00%,Soul Drain,***,#265,18.00%,Frighten,*,#299,14.00%,,,0.00%,Miss,#1,10.00%,0008138874D997D20619837CF3C7E1050A785E9F9AC53D7EB19FAB6C000000D1
189,Vinetex,Canon,Grass,Poison,Venomous Bite,50,Poison,#144,23.00%,,,,,0.00%,Blossom Blast,40,Grass,#79,19.00%,,,,,0.00%,Venemous Vortex,****,#158,20.00%,Floral Fusion,****,#86,23.00%,,,0.00%,Miss,#1,15.00%,0008138874D997D20619837CF3C7E1050A785E9F9AC53D7EC8857C6D000000D2
190,Eldereye,Canon,Grass,Poison,Photosynthesis Flare,120,Grass,#78,11.00%,,,,,0.00%,Venom Pounce,70,Poison,#153,20.00%,Flame Whirlwind,70,Fire ,#45,13.00%,Seed Scatter,***,#85,22.00%,,,,0.00%,Withdraw,#379,15.00%,Miss,#1,19.00%,0008138874D997D20619837CF3C7E1050A785E9F9AC53D7E35083FC000000125
191,Umbrar,Canon,Ghost,Undead,Ethereal Blast,80,Ghost,#254,21.00%,Corpse Explosion,80,Undead,#361,24.00%,Wraith Whip,70,Undead,#369,11.00%,,,,,0.00%,Necromancer's Grasp,***,#373,20.00%,Space Time Warp,**,#354,13.00%,,,0.00%,Miss,#1,11.00%,0008138874D997D20619837CF3C7E1050A785E9F9AC53D7EF6511E6F000000D4
192,Terrahoof,Canon,Grass,,Seed Bomb,80,Grass,#74,28.00%,Foliage Frenzy,50,Grass,#72,16.00%,,,,,0.00%,,,,,0.00%,Floral Fusion,****,#86,16.00%,Shimmering Symphony,****,#338,11.00%,Withdraw,#379,16.00%,Miss,#1,13.00%,0008138874D997D20619837CF3C7E1050A785E9F9AC53D7E0D36EF70000000D5
193,Hoofterror,Canon,Grass,Fairy,Magical Mist,50,Fairy,#323,10.00%,Thorn Blizzard,120,Grass,#77,10.00%,Chlorophyll Charge,85,Grass,#82,18.00%,Extreme Speed,85,Normal,#28,16.00%,Root Rend,**,#84,17.00%,,,,0.00%,Protect,#377,11.00%,Miss,#1,18.00%,0008138874D997D20619837CF3C7E1050A785E9F9AC53D7E241CC071000000D6
194,Nebulizard,Canon,Grass,Psychic,Solar Beam,100,Grass,#75,24.00%,,,,,0.00%,Aura Sphere Blast,70,Psychic,#207,25.00%,,,,,0.00%,Mind Control,***,#211,21.00%,,,,0.00%,Detect,#390,14.00%,Miss,#1,16.00%,0008138874D997D20619837CF3C7E1050A785E9F9AC53D7E3B029172000000D7
195,Cryospike,Canon,Fighting,Ice,Blizzard Burst,50,Ice,#107,14.00%,Roundhouse Uppercut,50,Fighting,#126,13.00%,Cross Chop,55,Fighting,#134,11.00%,,,,,0.00%,Taunt and Tease,****,#32,20.00%,Ice Wall,***,#121,20.00%,Leap,#380,10.00%,Miss,#1,12.00%,0008138874D997D20619837CF3C7E1050A785E9F9AC53D7E51E86273000000D8
196,Subslice,Canon,Fighting,Ice,Subzero Slash,100,Ice,#112,12.00%,Solar Beam,100,Grass,#75,11.00%,Crystal Crush,85,Ice,#118,22.00%,Cross Chop,55,Fighting,#134,15.00%,,,,0.00%,,,,0.00%,Backflip,#378,24.00%,Miss,#1,16.00%,0008138874D997D20619837CF3C7E1050A785E9F9AC53D7E68CE3374000000D9
197,Vulcansun,Canon,Fighting,Flying,Suplex Slam,80,Fighting,#127,12.00%,Feather Hurricane,50,Flying,#179,20.00%,Whirlwind Whack,70,Flying,#189,23.00%,,,,,0.00%,Brave Bird,***,#193,27.00%,,,,0.00%,Leap,#380,7.00%,Miss,#1,11.00%,0008138874D997D20619837CF3C7E1050A785E9F9AC53D7E7FB40475000000DA
198,Luminape,Canon,Fire,Normal,Heat Wave,50,Fire ,#35,10.00%,Head Kick,70,Normal,#13,23.00%,Fairy Strike,55,Fairy,#332,16.00%,,,,,0.00%,Burn Up,**,#48,18.00%,Thought Scramble,****,#212,23.00%,,,0.00%,Miss,#1,10.00%,0008138874D997D20619837CF3C7E1050A785E9F9AC53D7E9699D576000000DB
199,Galaxape,Canon,Cosmic,Fire,Flame Charge,50,Fire ,#36,24.00%,,,,,0.00%,Solar Storm,70,Cosmic,#351,22.00%,Electro Ball,70,Electric,#99,16.00%,Cosmic Radiation,***,#355,18.00%,Burn Up,**,#48,8.00%,,,0.00%,Miss,#1,12.00%,0008138874D997D20619837CF3C7E1050A785E9F9AC53D7EAD7FA677000000DC
200,Shadragon,Legendary,Dark,Dragon,World-ending Fire,120,Dragon,#276,20.00%,Abyssal Annihilation,120,Dark,#293,12.00%,Obilivion Orb,70,Dark,#297,11.00%,Supernova,70,Dragon,#279,11.00%,Ancient Rage,****,#284,15.00%,,,,0.00%,Fly,#391,17.00%,Miss,#1,14.00%,0008138874D997D20619837CF3C7E1050A785E9F9AC53D7E266278A90000010E
201,Flairi,Trainer Airdrop,Fire,,Blaze Kick,30,Fire ,#33,22.00%,Head Kick,70,Normal,#13,12.00%,Jet Strike,55,Normal,#26,11.00%,,,,,0.00%,Screech,***,#31,25.00%,Taunt and Tease,****,#32,20.00%,,,0.00%,Miss,#1,10.00%,0008138874D997D20619837CF3C7E1050A785E9F9AC53D7E1996FE4F000000B4
202,Infernotile,Trainer Airdrop,Dragonling,Fire,Inferno Blitz,80,Fire ,#37,35.00%,Dragonfire Fury,80,Dragon,#271,12.00%,Blaze Rush,40,Dragon,#277,10.00%,Ember Wheel,40,Fire ,#43,9.00%,Molten Maelstrom,***,#49,24.00%,,,,,,,,Miss,#1,10.00%,0008138874D997D20619837CF3C7E1050A785E9F9AC53D7E4BEE10C100000126
204,Jeltee,Trainer Airdrop,Fairy,,Glittering Sweep,80,Fairy,#326,20.00%,Twinkle Tackle,80,Fairy,#325,12.00%,Fairy Strike,55,Fairy,#332,13.00%,,,,,0.00%,Screech,***,#31,31.00%,Dreamy Haze,*,#335,8.00%,Detect,#390,6.00%,Miss,#1,10.00%,0008138874D997D20619837CF3C7E1050A785E9F9AC53D7E307CCF50000000B5
205,Jelplume,Trainer Airdrop,Electric,Fairy,Enchanted Mist,100,Fairy,#327,22.00%,Thunder Strike,50,Electric,#89,9.00%,Electro Ball,70,Electric,#99,14.00%,,,,,,Shockwave Shield,****,#104,18.00%,Thunderous Roar,***,#103,10.00%,Detect,#390,9.00%,Miss,#1,18.00%,0008138874D997D20619837CF3C7E1050A785E9F9AC53D7E62D3E1C200000127
207,Grootile,Trainer Airdrop,Fire,,Flame Charge,50,Fire ,#36,24.00%,,,,,0.00%,Searing Strike,55,Fire ,#44,15.00%,Infernal Explosion,85,Fire ,#46,3.00%,Taunt and Tease,****,#32,16.00%,Molten Maelstrom,***,#49,10.00%,Mirage,#383,19.00%,Miss,#1,13.00%,0008138874D997D20619837CF3C7E1050A785E9F9AC53D7E4762A051000000B6
208,Moltile,Trainer Airdrop,Dark,Fire,Gemstone Missile,80,Rock,#235,23.00%,Magma Blast,80,Fire ,#38,8.00%,Obilivion Orb,70,Dark,#297,17.00%,Flame Whirlwind,70,Fire ,#45,25.00%,Burn Up,**,#48,12.00%,,,,,,,,Miss,#1,15.00%,0008138874D997D20619837CF3C7E1050A785E9F9AC53D7E79B9B2C300000128
210,Hoot,Trainer Airdrop,Flying,,Wing Gust,30,Flying,#177,20.00%,,,,,0.00%,Dive Tackle,40,Flying,#187,13.00%,Snuggle Tackle,70,Normal,#27,15.00%,Taunt and Tease,****,#32,20.00%,Feathered Fling,****,#194,10.00%,Evade,#375,10.00%,Miss,#1,12.00%,0008138874D997D20619837CF3C7E1050A785E9F9AC53D7E5E487152000000B7
211,Parroox,Trainer Airdrop,Flying,Grass,Aerial Assault,80,Flying,#181,18.00%,Frost Nova,80,Ice,#109,21.00%,Blossom Blast,40,Grass,#79,15.00%,Telepathic Tempest,85,Psychic,#208,28.00%,Petal Dance,*,#83,6.00%,,,,,,,,Miss,#1,12.00%,0008138874D997D20619837CF3C7E1050A785E9F9AC53D7E909F83C400000129
213,Bolt,Trainer Airdrop,Electric,,Spark Discharge,30,Electric,#87,25.00%,Thunderbolt Blitz,120,Electric,#96,10.00%,Electro Ball,70,Electric,#99,12.00%,,,,,0.00%,Thunderous Roar,***,#103,33.00%,,,,0.00%,Dodge,#376,10.00%,Miss,#1,10.00%,0008138874D997D20619837CF3C7E1050A785E9F9AC53D7E752E4253000000B8
214,Jolteel,Trainer Airdrop,Dark,Electric,Volt Tackle,30,Electric,#88,20.00%,Thunderbolt Blitz,120,Electric,#96,19.00%,Eclipse Eruption,55,Dark,#296,13.00%,Extreme Speed,85,Normal,#28,13.00%,Confuse Ray,*,#29,15.00%,Thunderous Roar,***,#103,10.00%,,,,Miss,#1,10.00%,0008138874D997D20619837CF3C7E1050A785E9F9AC53D7EA78554C50000012A
216,Dragtile,Trainer Airdrop,Dragonling,,Rampage,80,Dragon,#272,20.00%,Flame Cannon,100,Fire ,#39,32.00%,Blaze Rush,40,Dragon,#277,5.00%,,,,,0.00%,Scale Armour,**,#282,30.00%,Gust,*,#281,3.00%,,,0.00%,Miss,#1,10.00%,0008138874D997D20619837CF3C7E1050A785E9F9AC53D7E8C141354000000B9
217,Draketail,Trainer Airdrop,Dragonling,,Tailwhip,50,Dragon,#270,15.00%,Dragonfire Fury,80,Dragon,#271,23.00%,Ember Wheel,40,Fire ,#43,15.00%,Supernova,70,Dragon,#279,8.00%,Ancient Power,***,#247,20.00%,Ancient Rage,****,#284,8.00%,,,,Miss,#1,11.00%,0008138874D997D20619837CF3C7E1050A785E9F9AC53D7EBE6B25C60000012B
219,Taurflame,Trainer Airdrop,Fire,,Blackout Strike,50,Dark,#287,16.00%,,,,,0.00%,Obilivion Orb,70,Dark,#297,22.00%,,,,,0.00%,Iron Defense,***,#139,25.00%,Burn Up,**,#48,12.00%,Protect,#377,15.00%,Miss,#1,10.00%,0008138874D997D20619837CF3C7E1050A785E9F9AC53D7EA2F9E455000000BA
220,Pyroeye,Trainer Airdrop,Dark,Fire,Abyssal Annihilation,120,Dark,#293,16.00%,Dark Pulse,30,Dark,#285,17.00%,Umbral Uppercut,40,Dark,#295,14.00%,Flame Whirlwind,70,Fire ,#45,30.00%,Dark Whispers,**,#300,16.00%,,,,,,,,Miss,#1,7.00%,0008138874D997D20619837CF3C7E1050A785E9F9AC53D7ED550F6C70000012C
222,Diggie,Trainer Airdrop,Rock,,Power Dig,50,Ground,#161,21.00%,,,,,0.00%,Digging Strike,55,Ground,#170,10.00%,,,,,0.00%,Sandstorm Shield,****,#176,34.00%,Gravel Grind,*,#245,9.00%,Burrow,#385,14.00%,Miss,#1,12.00%,0008138874D997D20619837CF3C7E1050A785E9F9AC53D7EB9DFB556000000BB
223,Terratide,Trainer Airdrop,Ground,Rock,Boulder Barrage,50,Rock,#234,17.00%,Earthquake,100,Ground,#165,12.00%,Zap Cannon,80,Electric,#91,17.00%,Suplex Slam,80,Fighting,#127,21.00%,Sand Pit Trap,***,#175,14.00%,,,,,,,,Miss,#1,19.00%,0008138874D997D20619837CF3C7E1050A785E9F9AC53D7EEC36C7C80000012D
225,Dreptile,Trainer Airdrop,Dragonling,,Dragonfire Fury,80,Dragon,#271,29.00%,Wyrm Whirlwind,30,Dragon,#268,11.00%,Blaze Rush,40,Dragon,#277,5.00%,,,,,0.00%,Dragon's Roar,***,#283,30.00%,Ancient Rage,****,#284,13.00%,,,0.00%,Miss,#1,12.00%,0008138874D997D20619837CF3C7E1050A785E9F9AC53D7ED0C58657000000BC
226,Dregatail,Trainer Airdrop,Dark,Dragonling,Dragonfire Fury,80,Dragon,#271,24.00%,Dark Energy Blast,100,Dark,#291,13.00%,Eternal Nightfall,85,Dark,#298,14.00%,Blaze Rush,40,Dragon,#277,26.00%,Dragon's Roar,***,#283,7.00%,,,,,,,,Miss,#1,16.00%,0008138874D997D20619837CF3C7E1050A785E9F9AC53D7E031C98C90000012E
228,Glorbus,Trainer Airdrop,Cosmic,,Celestial Strike,30,Cosmic,#340,19.00%,,,,,0.00%,Solar Storm,70,Cosmic,#351,14.00%,Aurora Blast,55,Cosmic,#350,15.00%,Cosmic Radiation,***,#355,25.00%,Mind Control,***,#211,17.00%,,,0.00%,Miss,#1,10.00%,0008138874D997D20619837CF3C7E1050A785E9F9AC53D7EE7AB5758000000BD
229,Cubus,Trainer Airdrop,Cosmic,Psychic,Flame Cannon,100,Fire ,#39,13.00%,Hydro Cannon,80,Water,#56,18.00%,Aura Sphere Blast,70,Psychic,#207,15.00%,Electro Ball,70,Electric,#99,15.00%,Aurora Borealis,****,#356,10.00%,Charm Beam,**,#336,12.00%,,,,Miss,#1,17.00%,0008138874D997D20619837CF3C7E1050A785E9F9AC53D7E1A0269CA0000012F
231,Lito,Trainer Airdrop,Fighting,,Fists of Fury,80,Fighting,#128,15.00%,,,,,0.00%,Cross Chop,55,Fighting,#134,13.00%,Eclipse Eruption,55,Dark,#296,10.00%,Kung Fu Confusion,****,#140,10.00%,Iron Defense,***,#139,24.00%,Backflip,#378,14.00%,Miss,#1,14.00%,0008138874D997D20619837CF3C7E1050A785E9F9AC53D7EFE912859000000BE
232,Solarlynx,Trainer Airdrop,Fighting,Psychic,Inferno Blitz,80,Fire ,#37,15.00%,Teleport Strike,80,Psychic,#199,21.00%,Aura Sphere Blast,70,Psychic,#207,16.00%,Close Combat,85,Fighting,#136,22.00%,Courageous Roar,**,#138,9.00%,,,,,,,,Miss,#1,17.00%,0008138874D997D20619837CF3C7E1050A785E9F9AC53D7E30E83ACB00000130
234,Magikat,Trainer Airdrop,Psychic,,Twilight Takedown,50,Dark,#288,11.00%,Confusion Strike,50,Psychic,#198,15.00%,Aura Sphere Blast,70,Psychic,#207,17.00%,,,,,0.00%,Thought Scramble,****,#212,21.00%,Lullaby,**,#30,13.00%,Illusion,#392,13.00%,Miss,#1,10.00%,0008138874D997D20619837CF3C7E1050A785E9F9AC53D7E1576F95A000000BF
235,Crystaline,Trainer Airdrop,Ghost,Psychic,Ethereal Blast,80,Ghost,#254,23.00%,Confusion Strike,50,Psychic,#198,18.00%,Mighty Migraine,40,Psychic,#205,15.00%,Night Terror,70,Ghost,#261,10.00%,Ghostly Possession,****,#266,15.00%,Ice Wall,***,#121,8.00%,,,,Miss,#1,11.00%,0008138874D997D20619837CF3C7E1050A785E9F9AC53D7E47CE0BCC00000131
237,Mightus,Trainer Airdrop,Fighting,,Spinning Backfist,50,Fighting,#125,22.00%,,,,,0.00%,Smack Down,70,Fighting,#135,12.00%,,,,,0.00%,Iron Defense,***,#139,20.00%,Kung Fu Confusion,****,#140,20.00%,Detect,#390,14.00%,Miss,#1,12.00%,0008138874D997D20619837CF3C7E1050A785E9F9AC53D7E2C5CCA5B000000C0
238,Cracken,Trainer Airdrop,Dark,Fighting,Iron Strike,100,Fighting,#130,12.00%,Dragon Kick,120,Fighting,#131,25.00%,Ground Shatter,100,Ground,#166,8.00%,Umbral Uppercut,40,Dark,#295,18.00%,Frighten,*,#299,10.00%,,,,,Backflip,#378,9.00%,Miss,#1,18.00%,0008138874D997D20619837CF3C7E1050A785E9F9AC53D7E5EB3DCCD00000132
240,Greech,Trainer Airdrop,Dark,,Shadowy Sweep,80,Dark,#290,22.00%,,,,,0.00%,Eclipse Eruption,55,Dark,#296,7.00%,,,,,0.00%,Nocturnal Nightmare,****,#302,23.00%,Dark Whispers,**,#300,10.00%,Protect,#377,25.00%,Miss,#1,13.00%,0008138874D997D20619837CF3C7E1050A785E9F9AC53D7E43429B5C000000C1
241,Reech,Trainer Airdrop,Dark,Poison,Bone Breaker,100,Fighting,#129,30.00%,,,,,,Venom Pounce,70,Poison,#153,25.00%,,,,,,Kung Fu Confusion,****,#140,15.00%,,,,,Parry,#388,8.00%,Miss,#1,22.00%,0008138874D997D20619837CF3C7E1050A785E9F9AC53D7E7599ADCE00000133
243,Uuvuu,Trainer Airdrop,Normal,,Stomp,65,Normal,#12,21.00%,Skull Bash,80,Normal,#14,24.00%,,,,,0.00%,,,,,0.00%,Taunt and Tease,****,#32,17.00%,Screech,***,#31,10.00%,Evade,#375,17.00%,Miss,#1,11.00%,0008138874D997D20619837CF3C7E1050A785E9F9AC53D7E5A286C5D000000C2
244,Sparquill,Trainer Airdrop,Ice,Normal,Last Resort,120,Normal,#24,18.00%,Ice Fang,50,Ice,#108,18.00%,Hailstorm Fury,70,Ice,#117,18.00%,Whirlwind Whack,70,Flying,#189,25.00%,,,,,,,,,Dodge,#376,5.00%,Miss,#1,16.00%,0008138874D997D20619837CF3C7E1050A785E9F9AC53D7E8C7F7ECF00000134
246,Butle,Trainer Airdrop,Grass,,Razor Leaf,30,Grass,#70,18.00%,Solar Beam,100,Grass,#75,14.00%,Blossom Blast,40,Grass,#79,12.00%,Poisonous Puddle,40,Poison,#151,14.00%,Floral Fusion,****,#86,15.00%,Sandstorm Shield,****,#176,17.00%,,,0.00%,Miss,#1,10.00%,0008138874D997D20619837CF3C7E1050A785E9F9AC53D7E710E3D5E000000C3
247,Foliescent,Trainer Airdrop,Grass,Psychic,Skull Bash,80,Normal,#14,19.00%,Solar Beam,100,Grass,#75,11.00%,Chlorophyll Charge,85,Grass,#82,15.00%,Aura Sphere Blast,70,Psychic,#207,35.00%,,,,,,,,,,,,Miss,#1,20.00%,0008138874D997D20619837CF3C7E1050A785E9F9AC53D7EA3654FD000000135
249,Repbot,Trainer Airdrop,Steel,,,,,,0.00%,,,,,0.00%,Steel Swipe,55,Steel,#314,20.00%,Jet Strike,55,Normal,#26,14.00%,Metallic Harden,***,#319,24.00%,Screech,***,#31,20.00%,Dodge,#376,9.00%,Miss,#1,13.00%,0008138874D997D20619837CF3C7E1050A785E9F9AC53D7E87F40E5F000000C4
250,Geomech,Trainer Airdrop,Fighting,Steel,Bone Breaker,100,Fighting,#129,19.00%,Metallic Rush,80,Steel,#308,20.00%,Bolt Blade,70,Steel,#315,13.00%,,,,,,Iron Defense,***,#139,14.00%,Metallic Harden,***,#319,18.00%,,,,Miss,#1,16.00%,0008138874D997D20619837CF3C7E1050A785E9F9AC53D7EBA4B20D100000136
252,Aline,Trainer Airdrop,Ghost,,Poltergeist Strike,50,Ghost,#251,15.00%,Undead Wail,50,Undead,#359,10.00%,Night Terror,70,Ghost,#261,15.00%,Deathly Decimation,120,Ghost,#258,8.00%,Soul Drain,***,#265,20.00%,Necromancer's Grasp,***,#373,17.00%,,,0.00%,Miss,#1,15.00%,0008138874D997D20619837CF3C7E1050A785E9F9AC53D7E9ED9DF60000000C5
253,Frostolem,Trainer Airdrop,Ghost,Ice,Blizzard Burst,50,Ice,#107,17.00%,Winter's Wrath,120,Ice,#113,16.00%,Ghostly Guillotine,85,Ghost,#262,24.00%,Night Terror,70,Ghost,#261,25.00%,,,,,,,,,,,,Miss,#1,18.00%,0008138874D997D20619837CF3C7E1050A785E9F9AC53D7ED130F1D200000137
255,Batrop,Trainer Airdrop,Cosmic,,Nebula Burst,50,Cosmic,#341,12.00%,Interdimensional Rift,80,Cosmic,#343,11.00%,Interstellar Impact,85,Cosmic,#352,21.00%,Solar Storm,70,Cosmic,#351,4.00%,Space Time Warp,**,#354,25.00%,Lullaby,**,#30,17.00%,,,0.00%,Miss,#1,10.00%,0008138874D997D20619837CF3C7E1050A785E9F9AC53D7EB5BFB061000000C6
256,Geminat,Trainer Airdrop,Cosmic,,Interdimensional Rift,80,Cosmic,#343,25.00%,,,,,,Solar Storm,70,Cosmic,#351,20.00%,,,,,,Mind Control,***,#211,20.00%,,,,,Illusion,#392,22.00%,Miss,#1,13.00%,0008138874D997D20619837CF3C7E1050A785E9F9AC53D7EE816C2D300000138
258,Treegle,Trainer Airdrop,Ground,,Sandstorm Fury,80,Ground,#164,25.00%,,,,,0.00%,Digging Strike,55,Ground,#170,10.00%,,,,,0.00%,Sandstorm Shield,****,#176,15.00%,Rock Shield,**,#246,20.00%,Counter,#389,20.00%,Miss,#1,10.00%,0008138874D997D20619837CF3C7E1050A785E9F9AC53D7ECCA58162000000C7
259,Tragapod,Trainer Airdrop,Ground,Rock,Ground Shatter,100,Ground,#166,25.00%,Rocky Rampage,100,Rock,#237,25.00%,Tremor Shake,70,Ground,#171,10.00%,,,,,,Dust Devil,**,#174,10.00%,,,,,Counter,#389,13.00%,Miss,#1,17.00%,0008138874D997D20619837CF3C7E1050A785E9F9AC53D7EFEFC93D400000139
261,Jelliflash,Canon,Ghost,Poison,Ectoplasmic Explosion,80,Ghost,#253,12.00%,,,,,0.00%,Psybeam Burst,50,Psychic,#197,6.00%,,,,,0.00%,Ghostly Possession,****,#266,26.00%,Acid Rain,***,#157,22.00%,Protect,#377,15.00%,Miss,#1,19.00%,0008138874D997D20619837CF3C7E1050A785E9F9AC53D7E500E15B60000011B
262,Zyphyrsh,Canon,Ghost,Poison,Acidic Avalanche,100,Poison,#147,14.00%,Teleport Strike,80,Psychic,#199,5.00%,Ghostly Guillotine,85,Ghost,#262,24.00%,Sludge Cannon,55,Poison,#152,20.00%,,,,0.00%,,,,0.00%,Shadow Swap,#382,19.00%,Miss,#1,18.00%,0008138874D997D20619837CF3C7E1050A785E9F9AC53D7E66F3E6B70000011C
263,Mechaniwing,Canon,Flying,Steel,Wing Slash,50,Flying,#180,19.00%,Feather Hurricane,50,Flying,#179,21.00%,Steel Swipe,55,Steel,#314,7.00%,,,,,0.00%,Metallic Harden,***,#319,24.00%,Feathered Fling,****,#194,19.00%,,,0.00%,Miss,#1,10.00%,0008138874D997D20619837CF3C7E1050A785E9F9AC53D7E7DD9B7B80000011D
264,Chronoclaw,Canon,Flying,Steel,Wing Slash,50,Flying,#180,15.00%,,,,,0.00%,Bolt Blade,70,Steel,#315,34.00%,Cyclone Kick,55,Flying,#188,18.00%,Brave Bird,***,#193,16.00%,,,,0.00%,Fly,#391,5.00%,Miss,#1,12.00%,0008138874D997D20619837CF3C7E1050A785E9F9AC53D7E94BF88B90000011E
265,Graviraptor,Canon,Flying,Steel,Aeroblast,120,Flying,#186,25.00%,Metallic Rush,80,Steel,#308,21.00%,,,,,0.00%,,,,,0.00%,Brave Bird,***,#193,23.00%,,,,0.00%,Fly,#391,13.00%,Miss,#1,18.00%,0008138874D997D20619837CF3C7E1050A785E9F9AC53D7EABA559BA0000011F
266,Geopup,Canon,Rock,,Rock Blast,30,Rock,#232,10.00%,,,,,0.00%,Quick Attack,40,Normal,#25,23.00%,Rock Throw,40,Rock,#241,21.00%,Quarry Coffin,****,#248,26.00%,Screech,***,#31,10.00%,,,0.00%,Miss,#1,10.00%,0008138874D997D20619837CF3C7E1050A785E9F9AC53D7EC28B2ABB00000120
267,Fossilfox,Canon,Rock,,Gemstone Missile,80,Rock,#235,22.00%,Iron Strike,100,Fighting,#130,8.00%,Geode Grenade,85,Rock,#244,30.00%,Jet Strike,55,Normal,#26,12.00%,,,,0.00%,,,,0.00%,Dodge,#376,11.00%,Miss,#1,17.00%,0008138874D997D20619837CF3C7E1050A785E9F9AC53D7ED970FBBC00000121
268,Snodash,Canon,Ice,,Frost Bite,30,Ice,#105,20.00%,Blizzard Burst,50,Ice,#107,23.00%,,,,,0.00%,,,,,0.00%,Ice Wall,***,#121,17.00%,Blizzard Cataclysm,****,#122,30.00%,,,0.00%,Miss,#1,10.00%,0008138874D997D20619837CF3C7E1050A785E9F9AC53D7EF056CCBD00000122
269,Spectolf,Canon,Ice,,Ice Fang,50,Ice,#108,19.00%,,,,,0.00%,Hailstorm Fury,70,Ice,#117,20.00%,Night Terror,70,Ghost,#261,18.00%,Freeze Ray,**,#120,19.00%,Ice Wall,***,#121,13.00%,,,0.00%,Miss,#1,11.00%,0008138874D997D20619837CF3C7E1050A785E9F9AC53D7E073C9DBE00000123
270,Glacialsaur,Canon,Ice,,Arctic Avalanche,120,Ice,#114,17.00%,Glacial Crush,100,Ice,#111,23.00%,,,,,0.00%,,,,,0.00%,Blizzard Cataclysm,****,#122,21.00%,,,,0.00%,Counter,#389,17.00%,Miss,#1,22.00%,0008138874D997D20619837CF3C7E1050A785E9F9AC53D7E1E226EBF00000124
271,Pigloo,Canon,Ice,Ground,Ice Fang,50,Ice,#108,12.00%,Sandblast,50,Ground,#162,9.00%,Volt Tackle,30,Electric,#88,13.00%,Shockwave Smash,85,Electric,#100,30.00%,Screech,***,#31,20.00%,,,,,Backflip,#378,6.00%,Miss,#1,10.00%,0008138874D997D20619837CF3C7E1050A785E9F9AC53D7E224273B400000119
272,Permafluff,Canon,Ice,Electric,Sparkle Wave,50,Fairy,#324,21.00%,,,,,0.00%,Zap Cannon,80,Electric,#91,21.00%,,,,,0.00%,Ice Wall,***,#121,25.00%,Bubble Barrier,**,#66,15.00%,Burrow,#385,7.00%,Miss,#1,11.00%,0008138874D997D20619837CF3C7E1050A785E9F9AC53D7E392844B50000011A
273,Zephear,Collab,Dark,Undead,Midnight Maul,80,Dark,#289,25.00%,Demonic Deluge,100,Undead,#364,28.00%,,,,,,,,,,,Death's Dominion,****,#374,15.00%,,,,,Riftwalk,#381,21.00%,Miss,#1,11.00%,0008138874D997D20619837CF3C7E1050A785E9F9AC53D7E3F8E01E200000147
274,Torrentaur,Collab,Dark,Fighting,Dark Energy Blast,100,Dark,#291,24.00%,,,,,,Smack Down,70,Fighting,#135,25.00%,,,,,,Iron Defense,***,#139,20.00%,,,,,Shadow Swap,#382,19.00%,Miss,#1,12.00%,0008138874D997D20619837CF3C7E1050A785E9F9AC53D7E11C25FE000000145
275,Cosmihawk,Collab,Cosmic,Flying,Galactic Singularity,120,Cosmic,#348,25.00%,,,,,,,,,,,,,,,,Charm Beam,**,#336,20.00%,Brave Bird,***,#193,25.00%,Fly,#391,20.00%,Miss,#1,10.00%,0008138874D997D20619837CF3C7E1050A785E9F9AC53D7E28A830E100000146
276,Psychodile,Collab,Psychic,Water,Psyshock Slam,100,Psychic,#202,33.00%,,,,,,Psychic Surge,55,Psychic,#206,22.00%,,,,,,Aqua Veil,***,#67,15.00%,,,,,Mirage,#383,20.00%,Miss,#1,10.00%,0008138874D997D20619837CF3C7E1050A785E9F9AC53D7E5A93D7D80000013D
277,Lunagon,Collab,Dragonling,,Tailwhip,50,Dragon,#270,20.00%,,,,,,Supernova,70,Dragon,#279,25.00%,Solar Storm,70,Cosmic,#351,15.00%,Aurora Borealis,****,#356,15.00%,,,,,Backflip,#378,13.00%,Miss,#1,12.00%,0008138874D997D20619837CF3C7E1050A785E9F9AC53D7E7179A8D90000013E
278,Darb,Collab,Dark,Rock,Mental Shockwave,100,Psychic,#201,18.00%,Obsidian Blast,100,Rock,#238,22.00%,Night Terror,70,Ghost,#261,19.00%,Obilivion Orb,70,Dark,#297,19.00%,Burn Up,**,#48,8.00%,,,,,,,,Miss,#1,14.00%,0008138874D997D20619837CF3C7E1050A785E9F9AC53D7E885F79DA0000013F
279,Enzone,Collab,Cosmic,Grass,Thorn Blizzard,120,Grass,#77,21.00%,Zap Cannon,80,Electric,#91,18.00%,Aurora Blast,55,Cosmic,#350,21.00%,Solar Storm,70,Cosmic,#351,19.00%,Eclipse Edge,*,#353,11.00%,,,,,,,,Miss,#1,10.00%,0008138874D997D20619837CF3C7E1050A785E9F9AC53D7E9F454ADB00000140
280,Krakno,Collab,Water,,,,,,0.00%,,,,,0.00%,Torrential Tempest,70,Water,#63,43.00%,Psychic Surge,55,Psychic,#206,45.00%,,,,,,,,,,,,Miss,#1,12.00%,0008138874D997D20619837CF3C7E1050A785E9F9AC53D7EB62B1BDC00000141
281,Aquanix,Collab,Ground,Water,Hydro Cannon,80,Water,#56,22.00%,Earthquake,100,Ground,#165,19.00%,Blaze Rush,40,Dragon,#277,17.00%,Infernal Explosion,85,Fire ,#46,18.00%,Molten Maelstrom,***,#49,10.00%,Quicksand Sinkhole,*,#173,4.00%,,,,Miss,#1,10.00%,0008138874D997D20619837CF3C7E1050A785E9F9AC53D7ECD10ECDD00000142
282,Pyrotorm,Collab,Fire,Ground,Fireball Storm,120,Fire ,#42,20.00%,Ground Shatter,100,Ground,#166,17.00%,Dimensional Shredder,85,Dragon,#280,17.00%,Infernal Explosion,85,Fire ,#46,19.00%,Fire Cloak,*,#47,9.00%,,,,,,,,Miss,#1,18.00%,0008138874D997D20619837CF3C7E1050A785E9F9AC53D7EE3F6BDDE00000143
283,Steelonix,Canon,Dark,Steel,Twilight Takedown,50,Dark,#288,14.00%,Metal Fang,100,Steel,#309,21.00%,Obilivion Orb,70,Dark,#297,15.00%,Close Combat,85,Fighting,#136,14.00%,Metallic Harden,***,#319,21.00%,,,,,,,,Miss,#1,15.00%,0008138874D997D20619837CF3C7E1050A785E9F9AC53D7E6D59A3E400000149
284,Goblino,Canon,Normal,,Cheeky Pinch,50,Normal,#415,14.00%,Wild Rush,80,Normal,#15,12.00%,Malicious Pinch,70,Dark,#416,18.00%,Jet Strike,55,Normal,#26,13.00%,Taunt and Tease,****,#32,21.00%,Confuse Ray,*,#29,12.00%,,,,Miss,#1,10.00%,0008138874D997D20619837CF3C7E1050A785E9F9AC53D7E843F74E50000014A
285,Tidelin,Canon,Water,,Cheeky Pinch,50,Normal,#415,14.00%,Tidal Wave,80,Water,#55,12.00%,Malicious Pinch,70,Dark,#416,18.00%,Water Whip,55,Water,#62,13.00%,Briny Blast,****,#68,21.00%,Seafoam Shield,*,#65,12.00%,,,,Miss,#1,10.00%,0008138874D997D20619837CF3C7E1050A785E9F9AC53D7E9B2545E60000014B
286,Pyrolin,Canon,Fire,,Cheeky Pinch,50,Normal,#415,14.00%,Magma Blast,80,Fire ,#38,12.00%,Malicious Pinch,70,Dark,#416,18.00%,Searing Strike,55,Fire ,#44,13.00%,Pheonix Fury,****,#50,21.00%,Fire Cloak,*,#47,12.00%,,,,Miss,#1,10.00%,0008138874D997D20619837CF3C7E1050A785E9F9AC53D7EB20B16E70000014C
287,Thunderlin,Canon,Electric,,Cheeky Pinch,50,Normal,#415,14.00%,Zap Cannon,80,Electric,#91,12.00%,Malicious Pinch,70,Dark,#416,18.00%,Spark Shuriken,55,Electric,#98,13.00%,Shockwave Shield,****,#104,21.00%,Surge Shield,*,#101,12.00%,,,,Miss,#1,10.00%,0008138874D997D20619837CF3C7E1050A785E9F9AC53D7EC8F0E7E80000014D
288,Leaflin,Canon,Grass,,Cheeky Pinch,50,Normal,#415,14.00%,Bramble Barrage,80,Grass,#73,12.00%,Malicious Pinch,70,Dark,#416,18.00%,Pollen Puff,55,Grass,#80,13.00%,Floral Fusion,****,#86,21.00%,Petal Dance,*,#83,12.00%,,,,Miss,#1,10.00%,0008138874D997D20619837CF3C7E1050A785E9F9AC53D7EDFD6B8E90000014E
289,Horleaf,Canon,Grass,Ground,Bramble Barrage,80,Grass,#73,22.00%,Wild Rush,80,Normal,#15,20.00%,Chlorophyll Charge,85,Grass,#82,18.00%,Leaf Tornado,70,Grass,#81,20.00%,,,,0.00%,,,,,Dodge,#376,5.00%,Miss,#1,15.00%,0008138874D997D20619837CF3C7E1050A785E9F9AC53D7EDFD6B8E90000014E
69420,Mr. Meme,Collab,Cosmic,Fairy,Glittering Sweep,80,Fairy,#326,19.00%,Interdimensional Rift,80,Cosmic,#343,12.00%,Interstellar Impact,85,Cosmic,#352,14.00%,,,,,0.00%,Aurora Borealis,****,#356,18.00%,,,,0.00%,Decoy,#384,24.00%,Miss,#1,13.00%,0008138874D997D20619837CF3C7E1050A785E9F9AC53D7EF6BC89EA0000014F
100001,Mussop,Collab,Normal,,Flurry of Blows,90,Normal,#18,17.00%,Dive Bomb,100,Flying,#184,13.00%,Quick Attack,40,Normal,#25,19.00%,Close Combat,85,Fighting,#136,12.00%,Taunt and Tease,****,#32,23.00%,,,,0.00%,,,0.00%,Miss,#1,16.00%,0008138874D997D20619837CF3C7E1050A785E9F9AC53D7E9808B6B80000001D
100002,Parrous,Collab,Flying,,Hurricane,100,Flying,#183,17.00%,Radiant Ray,100,Fairy,#328,16.00%,Whirlwind Whack,70,Flying,#189,7.00%,Heavenly Hurricane,85,Fairy,#334,7.00%,Brave Bird,***,#193,25.00%,,,,0.00%,Evade,#375,14.00%,Miss,#1,14.00%,0008138874D997D20619837CF3C7E1050A785E9F9AC53D7E12C5D5A70000000C
100003,Botto,Collab,Steel,,Metallic Rush,80,Steel,#308,16.00%,Last Resort,120,Normal,#24,15.00%,Omega Steel Strike,85,Steel,#316,17.00%,,,,,0.00%,Screech,***,#31,12.00%,Metallic Harden,***,#319,13.00%,Protect,#377,11.00%,Miss,#1,16.00%,0008138874D997D20619837CF3C7E1050A785E9F9AC53D7E29ABA6A80000000D
100004,Styleep,Collab,Psychic,,Zen Headbutt,80,Psychic,#200,14.00%,,,,,0.00%,Psychic Surge,55,Psychic,#206,10.00%,Starry Nightfall,100,Cosmic,#346,21.00%,Mind Control,***,#211,15.00%,Thought Scramble,****,#212,13.00%,Mirage,#383,10.00%,Miss,#1,17.00%,0008138874D997D20619837CF3C7E1050A785E9F9AC53D7E409177A90000000E
100005,Minkiboo,Collab,Ground,Psychic,Sandblast,50,Ground,#162,14.00%,,,,,0.00%,Aura Sphere Blast,70,Psychic,#207,25.00%,Digging Strike,55,Ground,#170,16.00%,Sand Pit Trap,***,#175,12.00%,Sandstorm Shield,****,#176,13.00%,Burrow,#385,10.00%,Miss,#1,10.00%,0008138874D997D20619837CF3C7E1050A785E9F9AC53D7E7D6E4C3D000000A2
100006,Cornape,Collab,Normal,,Suplex Slam,80,Fighting,#127,10.00%,Dragon Kick,120,Fighting,#131,15.00%,Cross Chop,55,Fighting,#134,13.00%,Flurry of Blows,90,Normal,#18,9.00%,Taunt and Tease,****,#32,25.00%,,,,0.00%,Dodge,#376,8.00%,Miss,#1,20.00%,0008138874D997D20619837CF3C7E1050A785E9F9AC53D7E577748AA0000000F
100007,Cuppy,Collab,Water,,Surf Strike,50,Water,#54,9.00%,,,,,0.00%,Water Whip,55,Water,#62,20.00%,Close Combat,85,Fighting,#136,3.00%,Bubble Barrier,**,#66,15.00%,Briny Blast,****,#68,36.00%,Dive,#387,1.00%,Miss,#1,16.00%,0008138874D997D20619837CF3C7E1050A785E9F9AC53D7E6E5D19AB00000010
100008,Purrf,Collab,Fairy,,Angelic Annihilation,120,Fairy,#330,9.00%,,,,,0.00%,Pixie Power,40,Fairy,#331,11.00%,Solar Storm,70,Cosmic,#351,16.00%,Shimmering Symphony,****,#338,24.00%,Lullaby,**,#30,15.00%,Mirage,#383,11.00%,Miss,#1,14.00%,0008138874D997D20619837CF3C7E1050A785E9F9AC53D7E8542EAAC00000011
100009,Pawz,Collab,Normal,,Ground Pound,30,Ground,#160,12.00%,Midnight Maul,80,Dark,#289,26.00%,Geode Grenade,85,Rock,#244,20.00%,,,,,0.00%,Mind Control,***,#211,20.00%,,,,0.00%,Dodge,#376,12.00%,Miss,#1,10.00%,0008138874D997D20619837CF3C7E1050A785E9F9AC53D7E9C28BBAD00000012
100010,Xen,Collab,Ghost,Psychic,Psyshock Slam,100,Psychic,#202,20.00%,Galactic Singularity,120,Cosmic,#348,22.00%,Aura Sphere Blast,70,Psychic,#207,15.00%,,,,,0.00%,Soul Drain,***,#265,15.00%,,,,0.00%,Shadow Swap,#382,11.00%,Miss,#1,17.00%,0008138874D997D20619837CF3C7E1050A785E9F9AC53D7EB30E8CAE00000013
100011,Dropp-A,Collab,Flying,Steel,Dive Bomb,100,Flying,#184,18.00%,Metal Fang,100,Steel,#309,15.00%,Steel Swipe,55,Steel,#314,19.00%,,,,,0.00%,Iron Defense,***,#139,12.00%,Metallic Harden,***,#319,9.00%,Evade,#375,15.00%,Miss,#1,12.00%,0008138874D997D20619837CF3C7E1050A785E9F9AC53D7EC9F45DAF00000014
100012,Mushy,Collab,Poison,,Venoshock,120,Poison,#150,20.00%,Hyperspace Punch,120,Psychic,#204,17.00%,Poisonous Puddle,40,Poison,#151,20.00%,,,,,0.00%,Acid Rain,***,#157,15.00%,,,,0.00%,Withdraw,#379,14.00%,Miss,#1,14.00%,0008138874D997D20619837CF3C7E1050A785E9F9AC53D7EE0DA2EB000000015
100013,Hadaboi,Collab,Fire,,Inferno Blitz,80,Fire ,#37,13.00%,Fireball Storm,120,Fire ,#42,30.00%,Searing Strike,55,Fire ,#44,15.00%,,,,,0.00%,Molten Maelstrom,***,#49,16.00%,,,,0.00%,Evade,#375,11.00%,Miss,#1,15.00%,0008138874D997D20619837CF3C7E1050A785E9F9AC53D7EAEEE87B90000001E
100015,Rex,Collab,Normal,Steel,Metal Fang,100,Steel,#309,20.00%,Metallic Rush,80,Steel,#308,30.00%,Extreme Speed,85,Normal,#28,22.00%,,,,,0.00%,Lullaby,**,#30,13.00%,,,,0.00%,Burrow,#385,2.00%,Miss,#1,13.00%,0008138874D997D20619837CF3C7E1050A785E9F9AC53D7E0EA5D0B200000017
100016,Yonioid,Collab,Normal,Psychic,Hyperspace Punch,120,Psychic,#204,14.00%,,,,,0.00%,Psychic Surge,55,Psychic,#206,20.00%,Telepathic Tempest,85,Psychic,#208,24.00%,Telekinetic Shield,**,#210,15.00%,,,,0.00%,Riftwalk,#381,12.00%,Miss,#1,15.00%,0008138874D997D20619837CF3C7E1050A785E9F9AC53D7E258BA1B300000018
100017,Blokboi,Collab,Dark,,Dark Energy Blast,100,Dark,#291,20.00%,Dragon Kick,120,Fighting,#131,24.00%,Obilivion Orb,70,Dark,#297,15.00%,,,,,0.00%,Gravel Grind,*,#245,15.00%,,,,0.00%,Dodge,#376,14.00%,Miss,#1,12.00%,0008138874D997D20619837CF3C7E1050A785E9F9AC53D7E3C7172B400000019
100018,Peepo,Collab,Ground,Water,Mystic Moonbeam,120,Fairy,#329,21.00%,Telepathic Tempest,85,Psychic,#208,15.00%,Drenching Downpour,85,Water,#64,18.00%,,,,,0.00%,Briny Blast,****,#68,12.00%,,,,0.00%,Dive,#387,14.00%,Miss,#1,20.00%,0008138874D997D20619837CF3C7E1050A785E9F9AC53D7E535743B50000001A
100019,Subzeroge,Collab,Dark,Ice,Subzero Slash,100,Ice,#112,23.00%,Bone Breaker,100,Fighting,#129,23.00%,Umbral Uppercut,40,Dark,#295,15.00%,Extreme Speed,85,Normal,#28,7.00%,Dark Whispers,**,#300,5.00%,,,,0.00%,Leap,#380,16.00%,Miss,#1,11.00%,0008138874D997D20619837CF3C7E1050A785E9F9AC53D7E6A3D14B60000001B
100020,Eaglord,Collab,Flying,,Soaring Strike,80,Flying,#182,20.00%,Dive Bomb,100,Flying,#184,29.00%,Whirlwind Whack,70,Flying,#189,18.00%,,,,,0.00%,,,,,,,,0.00%,Evade,#375,22.00%,Miss,#1,11.00%,0008138874D997D20619837CF3C7E1050A785E9F9AC53D7E8122E5B70000001C
100021,Fortuna,Collab,Water,,Whirlpool Vortex,120,Water,#60,20.00%,Winter's Wrath,120,Ice,#113,14.00%,Water Whip,55,Water,#62,19.00%,Smack Down,70,Fighting,#135,16.00%,Seafoam Shield,*,#65,10.00%,,,,0.00%,Dive,#387,8.00%,Miss,#1,13.00%,0008138874D997D20619837CF3C7E1050A785E9F9AC53D7E9874223300000098
100022,Agent Z,Collab,Dark,,Shadowy Sweep,80,Dark,#290,11.00%,Fatal Sneak Attack,125,Fighting,#395,7.00%,Eternal Nightfall,85,Dark,#298,20.00%,,,,,0.00%,Demonic Dread,***,#301,20.00%,Confuse Ray,*,#29,15.00%,Evade,#375,17.00%,Miss,#1,10.00%,0008138874D997D20619837CF3C7E1050A785E9F9AC53D7EAF59F33400000099
100023,Punkony,Collab,Fairy,Flying,Mystic Moonbeam,120,Fairy,#329,25.00%,Twinkle Tackle,80,Fairy,#325,18.00%,Cyclone Kick,55,Flying,#188,27.00%,,,,,0.00%,Charm Beam,**,#336,10.00%,,,,0.00%,Evade,#375,10.00%,Miss,#1,10.00%,0008138874D997D20619837CF3C7E1050A785E9F9AC53D7EC63FC4350000009A
100024,Keggo,Collab,Normal,Undead,Skeletal Strike,50,Undead,#360,8.00%,Corpse Explosion,80,Undead,#361,25.00%,Deathly Dismemberment,85,Undead,#370,14.00%,Eternal Nightfall,85,Dark,#298,13.00%,Deathly Curse,**,#372,17.00%,,,,0.00%,Dodge,#376,13.00%,Miss,#1,10.00%,0008138874D997D20619837CF3C7E1050A785E9F9AC53D7EDD2595360000009B
100025,Shillord,Collab,Poison,Undead,Corrosive Comet,120,Poison,#149,20.00%,Undead Apocalypse,120,Undead,#366,17.00%,Venom Pounce,70,Poison,#153,12.00%,Smack Down,70,Fighting,#135,8.00%,Gruesome Gaze,*,#371,15.00%,,,,0.00%,Dodge,#376,14.00%,Miss,#1,14.00%,0008138874D997D20619837CF3C7E1050A785E9F9AC53D7EF40B66370000009C
100026,Cthulu,Collab,Cosmic,Psychic,Galactic Singularity,120,Cosmic,#348,15.00%,Nightshade Strike,100,Undead,#363,10.00%,Aura Sphere Blast,70,Psychic,#207,10.00%,Aura Sphere Blast,70,Psychic,#207,8.00%,Thought Scramble,****,#212,19.00%,,,,0.00%,Illusion,#392,19.00%,Miss,#1,19.00%,0008138874D997D20619837CF3C7E1050A785E9F9AC53D7E0AF137380000009D
100027,Hootell,Collab,Flying,Ground,Hurricane,100,Flying,#183,20.00%,Mental Shockwave,100,Psychic,#201,10.00%,Terra Tackle,40,Ground,#169,20.00%,Talon Tornado,85,Flying,#190,23.00%,Sand Pit Trap,***,#175,10.00%,,,,0.00%,Evade,#375,3.00%,Miss,#1,14.00%,0008138874D997D20619837CF3C7E1050A785E9F9AC53D7E21D708390000009E
100028,Munkeee,Collab,Normal,,Starry Nightfall,100,Cosmic,#346,15.00%,Head Kick,70,Normal,#13,10.00%,Aurora Blast,55,Cosmic,#350,15.00%,,,,,0.00%,Charm Beam,**,#336,15.00%,Thought Scramble,****,#212,21.00%,Backflip,#378,13.00%,Miss,#1,11.00%,0008138874D997D20619837CF3C7E1050A785E9F9AC53D7E38BCD93A0000009F
100029,XSTIKMAN,Collab,Cosmic,,Interdimensional Rift,80,Cosmic,#343,10.00%,Ethereal Blast,80,Ghost,#254,6.00%,Solar Storm,70,Cosmic,#351,15.00%,Dimensional Shredder,85,Dragon,#280,20.00%,Space Time Warp,**,#354,11.00%,Magnet Wave,**,#102,12.00%,Decoy,#384,16.00%,Miss,#1,10.00%,0008138874D997D20619837CF3C7E1050A785E9F9AC53D7EEFEB6142000000A7
100030,Cofftea,Collab,Ghost,Normal,Ghastly Grapple,100,Ghost,#256,22.00%,Flame Cannon,100,Fire ,#39,15.00%,Night Terror,70,Ghost,#261,15.00%,,,,,0.00%,Draining Kiss,***,#337,15.00%,Frighten,*,#299,12.00%,Mirage,#383,11.00%,Miss,#1,10.00%,0008138874D997D20619837CF3C7E1050A785E9F9AC53D7E4FA2AA3B000000A0
